-115.343,32.171,0
-103.919,77.895,0
-135.514,-3.706,0
-115.731,0.497,0
-111.179,19.333,0
-126.513,44.07,0
-106.91,31.475,0
-119.965,22.785,0
-125.92,42.535,0
-106.644,61.57,0
-97.717,74.344,0
-68.991,95.784,0
-114.311,3.991,0
-124.501,-3.463,0
-104.016,34.603,0
-128.511,9.322,0
-127.351,33.963,0
-97.29,65.08,0
-113.914,-3.361,0
-115.207,52.146,0
-110.544,52.857,0
-112.019,53.059,0
-117.853,43.864,0
-105.168,55.092,0
-115.855,17.554,0
-126.423,42.024,0
-112.56,48.327,0
-113.249,64.551,0
-123.035,4.709,0
-110.786,59.894,0
-124.506,5.959,0
-139.935,22.502,0
-130.068,45.177,0
-133.804,8.189,0
-110.917,10.876,0
-109.263,50.414,0
-135.859,19.022,0
-91.492,64.236,0
-100.504,70.156,0
-72.943,94.689,0
-83.938,75.473,0
-112.133,39.075,0
-136.987,27.946,0
-115.99,4.122,0
-133.325,-2.018,0
-137.671,7.705,0
-118.253,34.914,0
-90.716,71.021,0
-137.048,12.048,0
-113.869,25.726,0
-132.484,-0.476,0
-103.272,42.883,0
-97.047,68.43,0
-114.275,44.993,0
-106.833,26.735,0
-118.556,-1.111,0
-125.442,-1.184,0
-139.536,19.222,0
-105.189,54.745,0
-106.807,69.539,0
-94.702,81.158,0
-69.54,91.813,0
-130.879,27.636,0
-140.452,15.026,0
-104.506,41.279,0
-107.29,31.803,0
-94.815,79.412,0
-99.448,71.389,0
-127.862,27.118,0
-97.882,48.561,0
-96.41,55.711,0
-138.011,23.674,0
-93.034,68.294,0
-140.171,21.13,0
-140.923,-1.559,0
-119.319,16.226,0
-113.05,67.134,0
-92.505,73.978,0
-137.069,25.921,0
-117.554,52.022,0
-108.04,2.255,0
-123.913,40.047,0
-123.817,45.251,0
-117.648,22.44,0
-101.466,41.065,0
-136.12,32.317,0
-123.673,57.04,0
-110.085,63.851,0
-123.27,-1.975,0
-114.432,34.198,0
-112.397,-3.798,0
-81.503,89.11,0
-88.619,79.144,0
-123.737,24.39,0
-129.266,18.072,0
-137.981,23.338,0
-106.448,23.617,0
-129.037,6.428,0
-122.08,46.478,0
-117.651,53.746,0
-134.466,9.676,0
-117.737,41.53,0
-128.751,10.889,0
-91.341,70.645,0
-138.292,18.043,0
-114.004,55.981,0
-122.843,44.296,0
-120.23,53.059,0
-81.055,82.093,0
-110.462,-0.966,0
-119.227,28.183,0
-117.364,3.697,0
-68.191,92.521,0
-127.085,38.049,0
-96.985,61.207,0
-104.419,30.308,0
-105.647,71.281,0
-114.047,10.464,0
-105.101,50.401,0
-111.459,24.359,0
-139.419,26.676,0
-91.683,66.49,0
-119.537,8.154,0
-109.638,8.706,0
-131.552,12.848,0
-126.129,44.341,0
-119.503,19.649,0
-133.661,4.897,0
-81.418,91.164,0
-116.345,8.862,0
-128.718,12.97,0
-98.822,49.395,0
-124.601,15.677,0
-90.949,65.457,0
-115.827,1.593,0
-82.552,81.616,0
-136.943,28.669,0
-112.113,52.712,0
-114.404,46.3,0
-85.823,80.025,0
-113.168,30.151,0
-127.626,-2.556,0
-108.314,10.485,0
-88.547,69.037,0
-102.697,44.322,0
-70.058,94.625,0
-127.017,43.226,0
-137.483,-0.711,0
-112.966,1.954,0
-115.603,17.46,0
-109.393,5.416,0
-111.702,34.094,0
-117.558,-2.438,0
-109.219,37.003,0
-107.414,68.241,0
-100.442,45.99,0
-129.787,6.614,0
-99.577,44.067,0
-128.44,13.896,0
-116.626,-4.598,0
-83.021,75.455,0
-120.671,44.434,0
-93.108,63.544,0
-88.701,72.568,0
-116.239,26.239,0
-105.539,69.064,0
-104.597,53.149,0
-136.048,21.543,0
-117.353,7.224,0
-99.69,68.873,0
-102.764,60.199,0
-118.438,52.499,0
-96.782,82.826,0
-106.162,53.391,0
-115.39,52.342,0
-142.811,9.847,0
-131.793,34.271,0
-131.887,15.472,0
-105.193,41.559,0
-122.765,38.747,0
-111.137,62.023,0
-123.398,43.762,0
-125.486,51.014,0
-105.23,49.228,0
-125.577,36.467,0
-131.566,37.213,0
-104.46,39.263,0
-103.804,54.18,0
-104.343,73.976,0
-113.498,15.254,0
-123.625,40.404,0
-111.689,15.266,0
-139.51,21.248,0
-111.539,26.143,0
-94.539,61.937,0
-131.279,39.507,0
-105.388,34.891,0
-105.936,65.314,0
-119.201,30.961,0
-85.898,80.945,0
-87.759,79.256,0
-123.688,20.472,0
-117.983,57.555,0
-106.999,68.714,0
-108.634,29.094,0
-102.602,41.687,0
-133.486,5.414,0
-111.183,19.903,0
-99.668,68.508,0
-121.894,2.849,0
-126.84,45.468,0
-139.37,-3.466,0
-117.083,22.818,0
-94.883,80.857,0
-125.618,4.145,0
-108.347,5.3,0
-106.297,27.895,0
-123.07,40.987,0
-137.972,5.146,0
-109.37,42.76,0
-142.203,5.952,0
-92.2,81.913,0
-116.319,40.601,0
-114.362,14.206,0
-106.746,13.816,0
-119.978,43.847,0
-92.611,74.009,0
-131.015,27.208,0
-105.67,65.727,0
-108.133,-3.769,0
-132.224,24.336,0
-111.765,6.051,0
-110.111,3.414,0
-100.345,73.76,0
-115.765,59.392,0
-117.236,17.694,0
-128.215,16.017,0
-118.041,59.061,0
-115.444,24.155,0
-139.884,4.562,0
-119.962,24.79,0
-93.088,68.945,0
-106.002,57.314,0
-113.793,-0.725,0
-83.335,88.59,0
-129.863,6.481,0
-110.997,-1.572,0
-111.434,39.058,0
-116.352,20.222,0
-103.234,39.235,0
-124.887,48.497,0
-136.682,6.466,0
-117.348,37.012,0
-112.747,33.16,0
-132.719,11.737,0
-117.88,35.429,0
-127.506,16.653,0
-82.416,90.212,0
-98.051,48.954,0
-114.046,66.431,0
-105.043,34.583,0
-117.126,29.165,0
-109.562,51.73,0
-91.019,85.957,0
-136.935,0.855,0
-99.219,47.164,0
-139.781,19.504,0
-127.304,-1.219,0
-109.394,19.511,0
-125.091,24.417,0
-90.296,78.23,0
-112.411,16.906,0
-135.743,1.955,0
-124.384,20.547,0
-116.905,17.183,0
-94.698,69.918,0
-138.595,25.677,0
-81.684,91.352,0
-114.783,61.08,0
-108.292,34.243,0
-95.715,74.918,0
-121.962,16.122,0
-120.513,23.74,0
-107.347,73.117,0
-124.961,24.027,0
-121.752,32.66,0
-107.438,32.89,0
-114.511,46.19,0
-103.935,42.456,0
-115.374,12.459,0
-82.128,76.286,0
-82.118,80.969,0
-115.168,44.93,0
-107.914,35.096,0
-102.119,45.155,0
-107.68,32.374,0
-81.9,78.417,0
-113.369,68.92,0
-122.451,39.113,0
-124.504,10.561,0
-124.231,20.855,0
-91.091,83.719,0
-112.27,21.336,0
-101.374,71.886,0
-114.275,26.866,0
-125.239,7.232,0
-116.45,47.032,0
-115.338,-1.513,0
-100.3,44.835,0
-108.437,7.165,0
-109.354,19.168,0
-103.661,29.723,0
-87.086,82.246,0
-117.759,6.016,0
-82.327,84.688,0
-138.114,1.924,0
-98.345,53.695,0
-113.541,41.96,0
-107.547,38.832,0
-120.392,38.117,0
-129.522,17.118,0
-63.995,97.166,0
-109.416,32.244,0
-132.288,36.815,0
-124.29,28.027,0
-103.023,67.517,0
-114.03,63.905,0
-139.753,22.81,0
-140.197,22.623,0
-111.811,42.031,0
-111.354,15.231,0
-107.753,45.113,0
-107.374,10.56,0
-121.461,35.144,0
-111.799,0.399,0
-108.463,66.163,0
-124.322,13.236,0
-129.252,5.408,0
-111.074,36.959,0
-139.962,21.46,0
-120.891,25.881,0
-82.417,75.658,0
-108.528,67.317,0
-107.86,53.253,0
-129.398,11.739,0
-116.528,29.634,0
-123.416,55.178,0
-107.711,51.161,0
-110.771,14.635,0
-119.189,-0.087,0
-137.32,17.184,0
-143.524,-4.369,0
-124.199,44.68,0
-107.172,23.568,0
-108.073,62.702,0
-110.489,-2.576,0
-69.071,91.258,0
-125.987,49,0
-94.838,75.769,0
-104.305,77.97,0
-117.338,57.135,0
-111.93,17.872,0
-135.888,13.491,0
-125.426,8.395,0
-114.442,34.513,0
-114.216,17.137,0
-106.382,22.523,0
-108.369,8.193,0
-83.446,90.383,0
-130.07,10.168,0
-129.045,33.559,0
-103.03,53.916,0
-122.493,5.826,0
-118.697,34.259,0
-111.771,47.527,0
-117.252,-3.157,0
-95.588,61.439,0
-115.667,6.095,0
-93.223,67.366,0
-106.065,33.096,0
-121.774,-3.554,0
-124.449,-4.992,0
-119.002,61.586,0
-111.558,23.819,0
-108.586,2.976,0
-110.405,67.166,0
-84.069,83.025,0
-81.9,90.104,0
-88.606,72.358,0
-112.229,13.453,0
-128.174,17.196,0
-129.868,43.859,0
-93.659,71.959,0
-113.982,40.18,0
-76.385,87.751,0
-129.326,4.836,0
-115.943,50.126,0
-127.984,17.986,0
-110.483,20.243,0
-103.92,50.265,0
-128.997,34.011,0
-101.47,74.913,0
-120.259,-3.363,0
-106.445,42.024,0
-129.341,34.468,0
-113.837,66.184,0
-104.474,30.476,0
-106.869,15.576,0
-124.504,5.144,0
-106.682,37.683,0
-127.348,-1.031,0
-143.882,-3.245,0
-121.252,23.473,0
-120.228,62.674,0
-126.284,17.175,0
-119.005,44.071,0
-124.931,7.037,0
-116.432,22.684,0
-124.574,-2.005,0
-130.014,4.852,0
-122.082,34.617,0
-106.24,31.144,0
-85.917,83.785,0
-99.34,55.091,0
-107.156,31.578,0
-124.74,38.184,0
-138.571,11.205,0
-108.041,52.143,0
-95.387,78.639,0
-135.023,23.155,0
-116.59,55.638,0
-118.723,35.085,0
-91.703,65.649,0
-65.654,96.511,0
-99.319,75.267,0
-94.629,68.572,0
-97.228,79.982,0
-107.48,52.38,0
-111.149,42.034,0
-80.73,85.48,0
-111.452,11.342,0
-114.036,9.163,0
-140.989,13.003,0
-129.051,21.243,0
-142.131,4.514,0
-79.603,83.8,0
-90.583,80.279,0
-116.171,23.891,0
-125.493,44.811,0
-73.618,87.546,0
-112.631,13.803,0
-88.079,86.944,0
-117.234,40.099,0
-128.566,34.15,0
-133.193,39.418,0
-75.583,88.516,0
-114.754,-2.035,0
-112.437,28.758,0
-108.635,57.105,0
-112.524,34.115,0
-121.606,22.247,0
-123.623,16.83,0
-95.098,76.995,0
-125.888,-4.285,0
-115.51,2.659,0
-98.719,67.449,0
-130.092,22.146,0
-130.892,35.94,0
-107.079,20.228,0
-119.516,48.002,0
-107.712,-4.779,0
-111.056,32.233,0
-132.26,41.078,0
-75.09,92.475,0
-111.945,4.736,0
-118.172,14.617,0
-107.215,39.789,0
-84.38,80.235,0
-123.131,58.327,0
-108.347,53.871,0
-122.452,4.008,0
-113.07,22.336,0
-108.955,32.427,0
-113.891,23.035,0
-82.378,85.164,0
-136.475,22.686,0
-111.505,6.839,0
-138.958,11.721,0
-107.211,21.48,0
-113.723,13.089,0
-137.761,29.985,0
-130.365,-0.621,0
-127.594,4.271,0
-136.139,30.728,0
-113.307,22.526,0
-115.783,10.886,0
-96.369,51.169,0
-138.33,13.113,0
-105.516,74.557,0
-137.217,2.315,0
-60.921,-3.153,1
-4.679,32.182,1
-95.261,16.849,1
-1.218,27.653,1
17.49,16.329,1
3.971,1.669,1
-15.35,15.75,1
-82.141,1.045,1
-9.218,-3.846,1
6.083,17.521,1
7.909,11.394,1
8.903,21.675,1
-8.183,16.133,1
-87.068,1.415,1
-76.342,0.202,1
13.056,3.752,1
-4.267,23.07,1
5.45,27.007,1
-7.22,4.565,1
14.136,11.084,1
-71.603,-3.65,1
-99.569,9.796,1
-79.132,0.894,1
-8.435,13.127,1
-77.405,-3.904,1
1.756,16.43,1
13.066,14.624,1
-6.053,19.02,1
-87.319,1.505,1
-93.751,6.792,1
15.614,8.627,1
0.954,29.108,1
-5.389,-2.072,1
-0.925,0.764,1
-2.716,41.696,1
-8.008,24.738,1
-94.842,10.635,1
-81.371,-3.233,1
-4.843,5.191,1
-7.017,-2.896,1
-12.687,1.506,1
-3.298,-4.019,1
-76.796,-4.41,1
-96.436,12.734,1
-80.9,-1.796,1
-63.27,-2.474,1
4.465,14.308,1
-9.427,4.794,1
0.575,5.734,1
-92.183,-0.717,1
-90.52,4.785,1
-81.804,3.012,1
5.986,10.363,1
-13.24,2.93,1
-14.639,0.168,1
-6.543,-3.541,1
-11.75,8.799,1
-16.449,18.939,1
12.811,12.446,1
-87.13,2.925,1
-4.51,9.159,1
3.622,3.455,1
-10.322,1.769,1
-14.167,7.942,1
-5.746,7.421,1
-17.136,40.272,1
-3.332,3.668,1
1.44,27.338,1
14.434,19.216,1
-100.853,-2.255,1
7.315,7.582,1
-0.096,37.451,1
9.717,-0.951,1
-15.029,6.583,1
-17.592,19.079,1
-8.106,37.428,1
-5.548,9.047,1
-6.492,35.125,1
-1.871,23.435,1
0.779,30.126,1
-66.467,-2.601,1
-90.162,4.145,1
-90.66,11.964,1
7.963,27.573,1
10.775,19.699,1
-90.493,-4.338,1
5.303,29.695,1
-90.095,-0.594,1
-7.988,23.329,1
-13.158,6.845,1
-3.713,41.173,1
3.177,38.443,1
-17.704,27.902,1
3.932,-3.782,1
-14.124,12.015,1
3.576,0.472,1
-6.616,34.014,1
-74.135,-0.787,1
-92.085,9.176,1
-9.465,27.746,1
-88.547,-1.364,1
-6.649,2.814,1
15.639,-0.611,1
-14.887,0.119,1
-1.145,30.129,1
1.224,28.915,1
-14.36,15.971,1
-18.916,25.247,1
-12.778,12.548,1
-73.768,-4.184,1
-5.551,31.063,1
-3.172,-1.271,1
7.83,18.051,1
-82.35,0.305,1
-5.038,-4.451,1
-15.37,17.196,1
2.282,28.422,1
-3.846,-2.159,1
-17.265,38.385,1
-3.928,20.629,1
-11.864,37.188,1
-84.79,-3.398,1
7.818,19.293,1
-5.324,7.599,1
9.702,23.064,1
-5.059,33.396,1
-19.192,21.648,1
3.927,4.909,1
-15.592,31.174,1
-0.22,-4.017,1
-15.542,27.434,1
-2.061,43.387,1
13.49,22.391,1
-0.052,0.799,1
-5.984,-2.119,1
-81.491,-4.958,1
-71.851,-4.53,1
-78.375,-1.092,1
7.522,11.221,1
-83.938,-0.012,1
19.537,5.249,1
10.567,25.188,1
-7.398,3.5,1
4.155,-3.008,1
-0.509,16.444,1
-6.908,18.766,1
5.378,30.984,1
-1.351,-0.686,1
-2.738,19.47,1
0.332,14.364,1
14.77,2.917,1
-10.686,39.449,1
-7.763,-4.606,1
-2.959,14.731,1
-93.849,16.947,1
-83.496,0.669,1
-15.638,44.178,1
13.81,11.025,1
-8.793,13.614,1
-91.046,8.904,1
7.945,17.427,1
-0.154,-2.248,1
20.828,-1.287,1
-16.733,15.058,1
-96.214,14.228,1
1.353,5.773,1
11.547,19.902,1
5.507,11.108,1
-14.878,17.326,1
-9.074,43.36,1
-10.222,12.251,1
15.915,13.981,1
-18.419,26.284,1
14.462,6.667,1
-15.479,0.352,1
3.876,21.261,1
-13.506,13.098,1
-15.732,12.795,1
-6.557,38.544,1
0.502,40.355,1
-3.178,39.999,1
-5.42,20.057,1
-1.32,20.637,1
-9.009,9.54,1
-90.116,-0.67,1
1.755,29.622,1
-9.242,42.825,1
5.101,34.329,1
-14.711,29.227,1
-64.667,-2.502,1
9.33,-4.885,1
-96.367,2.305,1
-7.823,7.577,1
-15.221,30.196,1
-14.853,26.232,1
-76.235,-4.416,1
-78.447,1.374,1
16.91,13.264,1
17.857,-4.374,1
-92.551,4.187,1
-13.702,2.713,1
5.533,30.434,1
-17.234,18.669,1
3.528,0.555,1
-6.183,43.854,1
3.747,22.204,1
-2.871,11.342,1
-7.188,30.708,1
4.788,1.654,1
-12.621,13.72,1
-13.14,33.311,1
-94.217,-2.627,1
-2.977,13.779,1
10.45,23.458,1
-3.283,30.218,1
-95.261,1.88,1
-3.818,37.112,1
-13.034,10.366,1
-13.235,-4.516,1
-14.655,13.383,1
8.753,2.001,1
-98.573,2.084,1
5.861,26.712,1
12.996,9.365,1
7.918,9.377,1
-2.686,-3.967,1
-15.659,-0.983,1
-20.939,19.83,1
8.182,28.231,1
15.136,11.352,1
-9.714,-1.987,1
-5.761,3.669,1
-10.803,38.192,1
9.848,24.787,1
-6.038,27.52,1
-15.461,21.298,1
-74.266,-2.408,1
-13.065,22.778,1
1.785,36.133,1
-90.454,7.938,1
-12.398,2.524,1
-3.709,5.827,1
-82.861,-1.08,1
-9.308,10.552,1
-90.346,-4.167,1
-16.925,38.391,1
1.46,23.997,1
-13.543,30.951,1
-19.647,48.367,1
4.035,10.108,1
1.079,9.076,1
-0.51,30.519,1
-1.468,-2.85,1
11.572,-2.722,1
-12.45,29.284,1
-92.902,2.64,1
0.399,13.027,1
13.249,19.266,1
0.965,17.962,1
-81.191,1.623,1
-1.689,27.369,1
-8.372,39.993,1
-12.344,44.073,1
-8.429,13.652,1
-90.695,-0.118,1
-15.188,50.642,1
8.644,32.202,1
5.264,3.914,1
1.304,17.051,1
-6.511,31.671,1
-2.718,8.951,1
14.145,19.463,1
5.178,2.227,1
1.075,3.414,1
7.378,-2.674,1
-10.324,2.331,1
10.441,-4.195,1
-8.411,1.913,1
2.171,27.938,1
-11.909,44.551,1
4.907,-4.567,1
-87.714,-2.723,1
-13.069,25.707,1
-69.198,-1.713,1
1.565,22.407,1
-17.199,16.796,1
2.809,2.441,1
-64.977,-4.394,1
13.369,9.093,1
-91.18,0.396,1
11.941,21.58,1
-97.11,-4.388,1
-2.828,2.957,1
7.987,18.987,1
1.668,20.648,1
-0.019,39.215,1
-11.497,40.946,1
5.428,-3.207,1
-19.129,20.251,1
-13.625,1.627,1
2.493,12.532,1
-12.377,6.698,1
3.898,33.585,1
-4.737,18.797,1
13.58,7.728,1
1.538,29.464,1
-92.645,0.677,1
-86.121,1.744,1
-88.925,4.678,1
-19.213,24.038,1
-97.161,11.515,1
-9.614,3.375,1
-14.12,36.126,1
-75.968,-3.431,1
3.144,27.723,1
-13.98,13.181,1
-13.441,18.038,1
-74.148,-4.546,1
-17.412,48.489,1
-17.288,15.574,1
-7.723,2.464,1
-8.419,19.153,1
-5.103,19.313,1
11.591,1.365,1
-86.157,4.76,1
-14.68,14.023,1
10.783,-1.214,1
-0.036,24.8,1
2.827,31.885,1
19.011,5.55,1
-2.441,-2.233,1
-3.469,20.616,1
6.168,20.252,1
5.933,-0.645,1
4.993,11.985,1
-18.566,16.264,1
-81.694,-1.008,1
10.135,15.936,1
-6.339,19.498,1
4.948,25.275,1
-0.198,17.357,1
-14.527,16.095,1
-96.535,10,1
-8.631,30.33,1
-93.814,15.863,1
13.286,11.042,1
-16.003,41.012,1
-12.443,49.008,1
-96.814,-1.521,1
-1.398,14.078,1
-98.405,-0.49,1
-60.781,-4.068,1
-98.143,5.207,1
-11.282,9.305,1
4.756,8.995,1
-10.75,-3.79,1
-2.396,18.551,1
-88.578,7.911,1
-14.375,21.103,1
-6.419,-2.821,1
-0.631,27.384,1
2.495,12.804,1
-16.738,36.649,1
-84.293,-3.542,1
17.252,-2.067,1
-94.697,-2.429,1
9.263,22.823,1
-76.394,-1.432,1
-16.123,45.734,1
9.002,11.147,1
7.788,8.308,1
16.072,4.059,1
-11.356,17.301,1
-18.71,48.04,1
-11.336,1.584,1
-3.591,2.483,1
-85.582,6.789,1
11.044,16.315,1
-5.424,16.48,1
14.833,10.108,1
-7.46,39.375,1
-100.225,-3.434,1
-11.742,47.738,1
-14.59,20.201,1
-68.622,-4.847,1
8.818,2.509,1
1.975,14.759,1
-17.543,37.386,1
2.456,37.855,1
-0.345,39.28,1
4.485,5.822,1
6.255,16.067,1
-98.164,13.248,1
-93.46,5.619,1
10.019,17.449,1
5.602,17.857,1
-92.572,-3.301,1
-9.453,31.374,1
7.008,29.641,1
-12.773,-2.262,1
13.474,1.103,1
-18.375,40.856,1
-4.975,39.223,1
-10.542,30.758,1
-1.218,1.422,1
-17.236,50.063,1
-20.911,23.111,1
-14.878,12.376,1
-8.84,33.175,1
2.067,2.682,1
6.718,20.844,1
-84.631,5.842,1
-10.282,16.984,1
-5.252,14.144,1
-97.576,2.314,1
6.411,10.745,1
-19.583,24.685,1
4.738,35.89,1
-4.604,37.671,1
-88.492,1.627,1
8.926,24.192,1
-92.218,14.652,1
1.756,2.535,1
-90.117,5.586,1
-94.343,-1.587,1
11.3,-1.25,1
-11.02,12.988,1
-93.294,1.077,1
-96.019,18.09,1
-101.23,0.171,1
-100.406,-2.912,1
4.908,13.667,1
-9.198,36.513,1
-90.767,3.599,1
4.717,17.468,1
9.854,19.825,1
8.549,29.815,1
15.221,15.708,1
-97.396,6.494,1
5.093,-1.504,1
1.529,24.975,1
-7.928,9.643,1
10.774,6.981,1
-82.428,0.15,1
4.013,6.051,1
19.388,7.74,1
-12.129,9.076,1
12.731,22.776,1
-14.563,9.662,1
-67.137,-1.686,1
-3.829,26.584,1
-13.222,19.685,1
12.905,9.901,1
-0.741,30.188,1
11.658,26.506,1
-13.005,16.158,1
13.003,-1.11,1
-14.968,3.434,1
-13.263,18.765,1
-10.046,6.121,1
9.701,7.267,1
2.567,11.461,1
-7.85,7.021,1
-3.719,20.085,1
6.138,16.139,1
8.213,5.143,1
-93.481,16.86,1
-12.351,7.631,1
-72.073,-2.395,1
9.951,12.399,1
-5.944,15.478,1
-9.92,23.228,1
-92.538,-4.943,1
8.31,16.881,1
-97.954,10.374,1
13.715,22.077,1
5.859,-4.216,1
8.461,26.218,1
8.645,14.315,1
-3.701,9.976,1
-21.308,53.538,1
14.27,-4.487,1
-1.014,29.127,1
2.079,-2.019,1
-4.952,34.571,1
7.246,32.964,1
7.573,-3.052,1
-9.062,-2.619,1
-8.335,19.679,1
8.497,24.571,1
-19.604,28.629,1
-99.421,9.295,1
-0.405,-3.478,1
12.461,16.748,1
-0.208,13.122,1
-1.488,13.147,1
7.211,11.522,1
8.701,21.597,1
-61.692,-2.924,1
-5.953,14.757,1
-48.832,93.534,2
-46.124,56.188,2
-17.937,85.723,2
-11.81,73.879,2
-51.43,60.899,2
-9.679,50.48,2
-14.043,60.545,2
-29.925,61.285,2
-53.963,61.706,2
-12.42,49.812,2
4.571,81.833,2
1.33,73.157,2
-45.735,67.85,2
-20.435,70.512,2
-34.311,98.396,2
-24.413,70.24,2
-12.096,55.202,2
-31.633,55.269,2
-4.538,54.18,2
-55.651,54.393,2
-43.724,72.488,2
-5.672,63.177,2
-9.36,94.072,2
-51.149,86.313,2
-6.165,51.926,2
-30.702,82.92,2
-42.712,76.914,2
-52.207,63.291,2
-26.396,88.161,2
-7.12,56.728,2
-49.465,62.774,2
-10.299,77.165,2
-35.915,63.777,2
-15.582,52.181,2
-42.698,85.882,2
-5.068,79.446,2
-31.708,84.779,2
2.003,48.548,2
-50.696,65.612,2
-7.237,53.912,2
-59.269,76.92,2
-7.358,67.233,2
-5.704,62.118,2
-21.756,96.984,2
-56.674,85.851,2
-36.949,75.3,2
-38.686,58.92,2
-39.308,80.852,2
-37.533,76.654,2
-44.947,79.54,2
-32.333,70.983,2
-7.34,61.639,2
-56.077,63.533,2
-55.504,64.245,2
-49.374,58.793,2
-30.494,74.604,2
-60.79,74.905,2
-16.377,95.515,2
-34.07,78.561,2
-54.879,73.822,2
-32.026,99.176,2
-0.056,85.229,2
2.972,80.635,2
-49.791,85.682,2
-38.522,80.589,2
-4.23,64.519,2
-32.781,59.132,2
-0.382,59.952,2
-34.594,76.967,2
-44.199,60.423,2
-46.865,71.149,2
-1.394,44.373,2
-9.87,83.268,2
-47.96,69.111,2
-35.038,98.63,2
-37.195,89.582,2
-48.244,91.451,2
-28.846,70.583,2
5.678,61.237,2
-42.017,55.232,2
-50.346,69.047,2
-35.455,58.239,2
-22.859,64.011,2
-34.405,56.351,2
-39.78,87.12,2
-34.551,80.116,2
6.495,60.88,2
-55.29,79.779,2
-44.718,77.817,2
-26.082,78.687,2
-1.287,58.846,2
-5.338,91.342,2
7.753,66.237,2
-24.669,74.351,2
-5.205,51.041,2
5.785,73.772,2
-38.628,60.665,2
-48.196,76.611,2
-44.14,72.57,2
-59.96,77.925,2
-47.669,80.71,2
-14.386,77.849,2
-36.168,56.647,2
-35.441,66.716,2
-35.106,67.22,2
-51.623,56.682,2
-18.806,84.218,2
-40.314,56.771,2
-44.136,55.342,2
-56.993,83.948,2
2.744,58.528,2
-37.533,66.087,2
-43.83,70.421,2
-28.661,73.173,2
-54.288,59.177,2
-12.764,88.261,2
-5.667,73.914,2
-24.172,82.986,2
-8.227,48.115,2
2.468,49.369,2
-53.591,56.016,2
-7.947,81.477,2
2.153,83.038,2
-56.096,58.888,2
-1.333,86.156,2
-9.856,83.024,2
-13.55,56.791,2
-8.026,81.557,2
-1.937,92.835,2
-13.654,56.974,2
-45.633,55.37,2
-5.966,56.321,2
-16.622,62.351,2
-18.661,74.842,2
-54.313,68.875,2
-13.301,63.847,2
0.173,52.589,2
-0.128,77.484,2
-9.865,92.309,2
-30.917,72.538,2
-11.252,67.577,2
-20.143,68.79,2
-8.074,70.325,2
-4.772,85.419,2
1.101,68.823,2
-5.186,93.407,2
-13.224,90.096,2
-16.179,64.742,2
-30.086,64.692,2
-7.449,84.293,2
-27.432,55.329,2
-20.312,58.868,2
-23.67,69.632,2
-39.972,90.396,2
-56.604,67.872,2
-5.835,73.046,2
-52.728,71.028,2
-11.456,72.86,2
-23.994,90.453,2
-26.477,73.251,2
-18.487,60.017,2
-59.541,65.697,2
-31.022,67.082,2
1.927,63.815,2
-3.321,57.801,2
-4.429,72.714,2
-48.837,94.439,2
-38.475,63.107,2
-25.837,87.659,2
-39.423,70.872,2
-54.256,56.287,2
-26.748,54.959,2
-41.558,66.102,2
-42.495,75.315,2
-17.575,69.417,2
-44.383,56.213,2
-18.044,78.322,2
-34.269,75.213,2
-44.201,78.429,2
5.751,73.078,2
-22.164,94.426,2
-26.8,86.215,2
-22.498,69.023,2
-41.058,67.772,2
0.099,83.005,2
-9.004,60.751,2
-53.393,68.234,2
-12.092,93.188,2
-11.004,67.486,2
-17.204,71.055,2
-39.407,74.359,2
1.745,82.452,2
-15.351,90.12,2
-1.459,51.295,2
-29.253,55.273,2
-3.21,74.881,2
-8.099,75.448,2
-35.875,88.856,2
-46.67,57.775,2
-50.859,55.233,2
-43.289,82.26,2
4.564,61.979,2
-50.195,89.446,2
-52.301,86.318,2
1.736,67.419,2
-27.331,54.341,2
-51.227,83.221,2
1.799,85.505,2
-8.995,46.728,2
-53.71,54.096,2
-20.312,64.119,2
-46.893,85.343,2
-36.11,70.861,2
-43.484,85.95,2
-43.888,65.416,2
-17.299,76.19,2
-19.415,94.751,2
-46.594,74.194,2
-54.564,81.915,2
-14.298,86.646,2
-38.531,58.111,2
-21.593,58.425,2
-11.92,50.113,2
-39.454,96.514,2
2.205,58.316,2
-7.516,79.718,2
-10.389,49.515,2
-28.02,86.922,2
-60.824,73.835,2
-40.353,57.201,2
-37.533,64.853,2
-14.713,64.942,2
3.34,66.63,2
-48.141,58.675,2
-58.115,80.49,2
-7.548,46.132,2
-38.803,86.784,2
-11.575,77.32,2
-40.532,85.243,2
-31.221,62.269,2
-1.049,87.281,2
-56.324,67.67,2
-3.088,45.867,2
-9.538,76.382,2
-28.104,82.066,2
-23.101,83.68,2
-35.31,64.371,2
-20.415,85.226,2
-21.878,85.338,2
-19.429,87.759,2
-16.503,77.216,2
-33.933,87.582,2
-8.01,91.787,2
1.082,67.014,2
3.584,64.105,2
-37.718,60.977,2
-29.288,73.437,2
-15.588,92.818,2
-26.565,58.86,2
-28.363,85.711,2
-3.453,79.183,2
-39.685,67.703,2
-13.225,77.904,2
-38.859,72.714,2
-35.389,97.791,2
-11.723,92.73,2
-53.081,71.83,2
-9.144,54.916,2
-29.974,96.702,2
-23.779,76.723,2
-36.248,83.758,2
-20.458,56.352,2
-42.921,93.174,2
-39.605,89.092,2
-31.583,65.788,2
-14.167,79.204,2
-16.604,88.743,2
-22.727,53.518,2
5.925,79.176,2
3.988,81.362,2
-40.517,94.064,2
-35.358,66.587,2
-7.241,79.516,2
-55.458,85.819,2
-30.558,64.292,2
-56.337,82.186,2
-25.374,79.619,2
-37.152,84.272,2
-55.904,61.693,2
-46.636,86.037,2
-15.246,88.856,2
-47.503,68.392,2
-3.117,69.724,2
-42.985,72.423,2
-37.178,93.748,2
-35.499,79.383,2
-12.83,61.503,2
-31.916,65.84,2
-7.925,67.063,2
-50.537,79.348,2
-35.489,79.459,2
-55.524,80.511,2
-49.303,74.587,2
-38.28,90.213,2
-57.125,57.258,2
-10.243,48.796,2
-30.138,76.258,2
-28.598,61.837,2
-33.975,94.561,2
-9.663,65.408,2
-18.288,83.312,2
-53.353,89.518,2
-45.066,77.337,2
-50.924,60.43,2
-55.952,73.911,2
-28.277,97.2,2
-37.621,64.922,2
-33.306,69.266,2
-4.456,51.782,2
-32.993,88.36,2
-60.619,61.479,2
-47.226,59.557,2
-60.193,60.047,2
-33.333,90.151,2
-15.441,78.625,2
-18.485,87.377,2
-42.565,63.452,2
5.279,72.452,2
-26.475,57.181,2
-43.869,56.146,2
-2.901,88.108,2
-55.709,58.316,2
-26.757,98.612,2
-8.748,50.308,2
-28.536,73.049,2
-18.85,63.835,2
-54.677,79.397,2
-45.992,59.573,2
-37.39,97.505,2
-35.394,61.439,2
-16.515,68.566,2
-48.147,90.796,2
3.111,86.152,2
-6.198,51.553,2
-25.052,87.618,2
-51.984,57.144,2
5.376,57.557,2
-51.921,75.096,2
-0.092,61.483,2
3.299,83.702,2
-22.483,54.572,2
-32.199,96.765,2
-19.617,84.487,2
-49.025,77.655,2
-39.667,97.421,2
-21.449,72.672,2
-8.521,55.136,2
-28.283,96.161,2
-2.999,73.779,2
-0.631,90.402,2
-30.436,92.983,2
-43.374,91.57,2
-53.934,89.138,2
-58.392,80.303,2
-16.053,96.858,2
-57.805,64.309,2
-9.233,52.958,2
-12.679,51.007,2
-6.629,79.472,2
-14.603,69.496,2
-48.603,60.243,2
-55.096,59.529,2
-54.314,64.791,2
-35.902,71.319,2
-47.213,68.386,2
-44.339,71.424,2
-21.902,74.85,2
6.81,70.44,2
-44.203,86.897,2
-23.998,57.051,2
-3.274,55.252,2
-37.473,65.627,2
-5.809,45.436,2
-51.715,76.792,2
4.403,54.051,2
-11.868,70.851,2
-37.217,63.398,2
-48.544,57.235,2
-42.786,82.353,2
-17.425,61.093,2
-4.662,56.713,2
-10.034,57.216,2
-55.671,74.631,2
-49.667,91.068,2
-9.201,52.16,2
-17.282,91.661,2
-39.667,61.088,2
-47.172,62.209,2
-7.554,50.273,2
-24.009,93.015,2
-20.28,93.997,2
-55.268,85.797,2
-6.354,50.764,2
7.566,62.789,2
-49.143,82.719,2
-41.13,69.399,2
-28.416,80.534,2
-35.174,71.833,2
-34.973,65.725,2
-58.734,66.525,2
-5.814,72.732,2
-48.51,88.81,2
-27.009,80.718,2
-57.766,75.956,2
-28.604,53.986,2
-43.652,93.175,2
-29.635,62.725,2
-11.859,52.292,2
-14.19,61.749,2
-20.49,82.324,2
-36.284,69.22,2
-21.058,69.803,2
-25.293,62.717,2
-1.894,59.738,2
-61.27,67.385,2
-46.255,57.612,2
-45.484,92.48,2
0.211,62.092,2
-37.619,55.575,2
-9.543,59.317,2
-57.952,76.799,2
-21.51,57.095,2
-35.171,80.308,2
-12.675,53.532,2
4.784,59.161,2
-24.437,73.622,2
-54.318,66.724,2
-42.418,91.234,2
-0.807,71.777,2
-60.024,61.983,2
-2.005,46.992,2
-49.351,85.537,2
-16.734,79.172,2
-9.765,81.766,2
-1.828,70.054,2
0.522,52.443,2
-30.161,67.264,2
-30.903,62.685,2
-52.925,57.087,2
-28.352,63.743,2
-33.624,59.404,2
-0.949,59.658,2
-53.534,55.662,2
-38.438,98.721,2
-13.008,50.457,2
-53.734,56.293,2
-11.243,84.682,2
-7.227,78.584,2
-4.88,52.419,2
4.273,74.722,2
-29.109,60.105,2
-25.973,62.115,2
-9.967,68.103,2
-45.6,67.373,2
-10.433,54.97,2
-21.298,66.12,2
-54.006,65.015,2
-40.097,96.7,2
-48.243,58.133,2
-19.323,96.941,2
-48.935,90.578,2
-2.867,82.369,2
-13.038,76.552,2
2.613,75.184,2
0.989,50.219,2
-46.59,65.292,2
-44.036,93.345,2
7.5,71.964,2
-54.062,82.286,2
-36.033,72.778,2
-38.288,55.398,2
-24.21,59.089,2
-52.701,64.844,2
-38.924,55.857,2
-51.964,76.609,2
-50.859,55.631,2
-24.254,86.753,2
-15.799,92.048,2
-11.283,64.199,2
-46.784,72.58,2
-52.045,76.571,2
-0.398,76.78,2
-60.176,60.973,2
-49.197,76.039,2
-11.852,48.453,2
-18.277,96.63,2
-55.733,63.346,2
-50.739,58.682,2
-48.711,74.37,2
-26.629,68.45,2
37.369,26.802,3
34.347,32.137,3
6.539,56.303,3
4.822,84.19,3
22.189,-1.663,3
3.388,49.373,3
35.639,38.725,3
44.03,54.263,3
20.381,8.139,3
19.008,57.57,3
40.165,42.674,3
20.046,56.122,3
36.264,51.315,3
8.992,46.648,3
32.545,56.82,3
15.515,59.434,3
47.602,33.292,3
41.327,53.846,3
1.233,44.135,3
-1.052,43.539,3
12.508,71.487,3
9.018,43.937,3
27.275,2.313,3
20.361,22.24,3
32.137,4.28,3
31.606,65.213,3
16.928,59.49,3
41.89,27.288,3
36.577,60.145,3
26.034,-0.264,3
40.177,53.612,3
39.408,18.666,3
45.725,40.725,3
5.256,37.057,3
42.609,52.605,3
17.804,20.73,3
15.997,53.334,3
23.137,2.901,3
24.449,38.668,3
22.185,-0.028,3
13.817,62.527,3
23.752,-0.823,3
25.313,51.994,3
30.006,72.571,3
29.869,8.227,3
46.298,24.078,3
25.288,65.976,3
15.78,42.205,3
6.191,45.349,3
23.871,21.35,3
23.194,33.228,3
10.497,72.793,3
29.178,62.685,3
13.037,55.141,3
27.335,55.498,3
8.253,43.397,3
10.053,87.052,3
26.656,-0.014,3
31.711,71.51,3
18.881,20.276,3
10.096,77.205,3
36.997,33.933,3
32.951,39.774,3
19.041,74.374,3
38.175,16.178,3
21.634,-0.46,3
18.892,36.67,3
15.401,48.943,3
44.073,16.295,3
24.294,22.526,3
16.501,76.15,3
24.141,77.857,3
27.042,38.843,3
28.97,45.835,3
36.888,40.068,3
21.852,63.324,3
33.987,63.439,3
10.299,31.769,3
14.222,54.318,3
2.77,47.032,3
40.628,46.911,3
29.469,29.663,3
15.914,71.246,3
12.901,42.66,3
19.721,58.036,3
27.793,50.296,3
17.259,47.993,3
7.434,57.381,3
15.902,50.999,3
19.259,38.672,3
28.37,40.853,3
38.578,21.888,3
38.885,22.958,3
47.703,35.236,3
19.121,21.547,3
30.159,49.298,3
27.122,7.34,3
32.664,29.312,3
41.181,37.597,3
22.777,54.111,3
41.953,14.673,3
41.606,46.336,3
37.607,17.635,3
26.911,4.834,3
19.45,79.009,3
46.917,32.45,3
19.365,54.369,3
37.55,46.563,3
22.059,70.388,3
24.108,1.61,3
32.003,60.071,3
24.512,39.166,3
13.97,81.919,3
35.645,58.202,3
27.234,73.432,3
40.821,13.243,3
42.223,47.558,3
19.073,66.738,3
38.999,59.066,3
12.836,24.23,3
29.836,21.741,3
31.355,11.192,3
11.188,52.233,3
14.798,73.648,3
44.672,34.752,3
25.177,19.667,3
16.911,45.401,3
24.944,32.728,3
19.543,59.78,3
29.493,52.892,3
34.803,23.025,3
9.69,33.815,3
33.071,6.68,3
51.055,35.6,3
8.952,85.674,3
28.564,72.811,3
25.291,-2.136,3
25.307,52.411,3
38.769,50.468,3
28.784,0.464,3
41.647,28.178,3
46.857,37.284,3
38.444,24.771,3
38.712,22.616,3
31.486,11.697,3
27.426,21.046,3
12.578,26.186,3
2.326,46.42,3
19.561,8.548,3
20.596,33.77,3
29.637,39.752,3
40.48,19.923,3
16.107,68.591,3
37.594,31.55,3
23.024,39.513,3
45.957,49.611,3
29.41,67.588,3
42.51,27.101,3
12.86,40.551,3
2.361,90.392,3
30.279,1.497,3
19.439,30.41,3
50.28,30.513,3
34.032,12.627,3
12.08,56.519,3
45.083,43.2,3
39.728,47.006,3
18.688,23.137,3
28.943,9.663,3
23.15,-2.045,3
33.776,50.826,3
23.627,24.201,3
26.599,33.024,3
16.047,57.477,3
43.024,35.679,3
14.955,28.877,3
20.673,4.024,3
23.611,2.766,3
34.808,25.985,3
21.901,61.356,3
8.465,39.326,3
9.519,85.186,3
9.087,50.298,3
6.151,81.071,3
16.378,22.407,3
22.314,13.912,3
9.644,43.467,3
20.493,33.238,3
36.399,30.463,3
16.456,41.444,3
12.797,35.741,3
10.557,78.984,3
48.378,39.184,3
44.369,26.147,3
19.935,68.504,3
10.729,84.854,3
25.796,22.292,3
21.402,42.261,3
24.863,27.766,3
28.399,34.349,3
30.046,6.2,3
20.461,51.809,3
23.615,15.948,3
14.035,80.218,3
24.711,27.302,3
38.023,14.136,3
17.614,53.502,3
42.782,29.395,3
28.318,16.968,3
21.917,41.091,3
23.91,74.78,3
38.867,10.228,3
17.198,28.476,3
19.85,73.48,3
15.925,18.052,3
42.966,32.273,3
50.124,47.48,3
14.505,50.732,3
24.719,70.125,3
11.187,31.279,3
1.261,40.793,3
24.175,27.745,3
40.567,56.764,3
19.674,13.111,3
18.552,44.511,3
26.558,-0.673,3
23.675,52.831,3
19.64,10.67,3
22.466,70.846,3
32.723,29.203,3
47.724,33.978,3
12.455,32.375,3
33.173,10.215,3
33.083,31.66,3
33.046,4.977,3
16.637,44.056,3
6.023,89.313,3
7.824,33.408,3
35.285,51.177,3
43.21,29.213,3
35.122,55.994,3
24.404,5.151,3
10.86,60.431,3
27.385,1.264,3
6.777,54.55,3
29.537,24.014,3
18.736,39.312,3
26.592,33.627,3
25.117,28.672,3
24.525,52.209,3
38.475,54.729,3
22.193,25.075,3
4.468,48.253,3
19.255,53.431,3
24.876,70.053,3
26.785,27.596,3
17.987,56.473,3
4.166,42.799,3
32.136,11.165,3
22.152,21.438,3
22.11,46.955,3
39.281,20.786,3
10.765,36.419,3
15.58,62.646,3
17.669,40.412,3
5.761,45.463,3
42.202,45.774,3
41.394,59.496,3
27.434,26.787,3
20.082,29.811,3
10.141,59.697,3
36.962,42.779,3
24.604,65.732,3
3.281,44.489,3
15.21,20.517,3
22.666,-1.783,3
47.371,28.41,3
27.213,52.724,3
11.629,32.769,3
29.523,62.082,3
22.392,42.958,3
10.97,27.165,3
35.793,23.337,3
43.878,27.018,3
17.879,40.518,3
14.111,54.357,3
28.09,27.751,3
21.985,27.062,3
31.36,2.075,3
26.453,4.19,3
21.499,1.1,3
22.368,62.67,3
5.773,84.403,3
37.218,44.271,3
28.43,63.445,3
32.353,52.322,3
29.583,49.448,3
14.829,55.87,3
17.65,28.841,3
9.304,45.358,3
32.144,45.993,3
41.344,28.395,3
46.31,54.4,3
37.451,15.874,3
31.3,70.257,3
7.164,43.054,3
22.64,1.656,3
11.775,59.223,3
6.757,38.899,3
27.179,31.679,3
38.168,19.758,3
21.497,-0.84,3
18.612,14.613,3
40.109,11.302,3
29.912,62.472,3
28.301,9.745,3
11.998,44.915,3
29.149,7.87,3
30.638,45.122,3
44.728,56.145,3
35.501,46.101,3
8.993,60.479,3
27.045,46.683,3
14.617,49.221,3
30.706,8.853,3
6.925,47.235,3
27.544,48.902,3
33.178,39.966,3
34.463,18.777,3
37.393,34.318,3
49.805,46.618,3
23.299,39.737,3
33.738,5.576,3
19.465,29.49,3
8.02,81.394,3
29.894,61.698,3
1.216,41.972,3
8.005,75.419,3
12.183,59.547,3
38.016,52.598,3
22.549,3.042,3
24.616,-0.819,3
29.054,69.202,3
24.602,5.793,3
29.418,14.056,3
16.054,44.928,3
41.92,13.022,3
4.385,46.229,3
33.075,18.656,3
8.439,47.739,3
14.306,56.524,3
22.067,16.321,3
11.365,44.29,3
29.264,52.873,3
21.926,9.958,3
23.193,53.091,3
26.184,-0.843,3
35.469,15.993,3
41.051,28.015,3
9.884,61.076,3
2.521,38.798,3
23.823,4.859,3
35.987,54.69,3
28.516,35.336,3
8.253,57.6,3
25.228,70.245,3
15.759,38.039,3
32.806,31.944,3
41.309,29.301,3
30.381,32.699,3
0.571,43.524,3
9.253,53.325,3
22.893,36.335,3
20.724,26.889,3
16.119,36.958,3
19.886,27.986,3
26.054,36.773,3
17.816,14.212,3
29.04,70.185,3
8.229,62.789,3
46.228,30.598,3
23.355,27.675,3
36.045,41.845,3
9.568,36.087,3
18.025,74.183,3
15.895,56.589,3
24.611,35.89,3
10.014,39.426,3
31.586,45.722,3
21.828,42.885,3
28.467,39.648,3
46.339,50.149,3
23.016,22.118,3
17.274,66.11,3
21.41,6.323,3
26.078,9.003,3
22.835,20.152,3
44.797,17.286,3
17.435,60.342,3
26.274,4.81,3
9.381,39.304,3
35.103,60.213,3
22.96,31.116,3
22.167,63.81,3
49.246,49.164,3
21.57,0.123,3
31.121,10.965,3
33.524,59.407,3
11.421,41.993,3
18.658,28.809,3
13.502,61.52,3
30.83,46.224,3
35.436,11.344,3
32.18,21.804,3
34.5,66.527,3
27.336,58.643,3
20.094,11.413,3
19.271,6.076,3
34.49,29.373,3
12.12,27.812,3
14.05,30.596,3
7.475,36.445,3
18.186,49.483,3
25.974,0.174,3
19.591,42.899,3
8.568,30.908,3
23.709,30.631,3
20.362,30.948,3
37.009,10.521,3
13.105,63.056,3
38.319,25.874,3
4.905,46.453,3
22.781,5.605,3
45.207,39.87,3
36.951,45.399,3
22.416,38.593,3
24.186,10.141,3
11.365,45.395,3
48.515,27.104,3
27.359,5.058,3
22.067,23.05,3
15.9,78.788,3
31.013,57.718,3
3.657,36.509,3
34.041,59.135,3
14.465,50.847,3
23.943,18.424,3
13.707,82.601,3
32.063,16.945,3
11.417,71.83,3
44.711,33.908,3
37.064,56.835,3
36.712,25.515,3
14.707,43.479,3
10.726,76.258,3
17.677,44.891,3
21.052,75.593,3
30.509,15.687,3
39.225,57.383,3
43.049,24.213,3
4.329,36.407,3
14.054,49.385,3
6.793,38.615,3
50.561,38.215,3
39.459,45.649,3
11.026,43.748,3
9.705,42.557,3
37.337,41.027,3
31.09,60.875,3
22.228,39.536,3
14.527,47.478,3
6.964,48.86,3
21.223,41.914,3
22.409,7.227,3
6.485,34.542,3
26.372,31.494,3
42.792,52.318,3
46.907,41.955,3
25.573,52.604,3
38.003,32.113,3
18.939,14.312,3
27.765,30.781,3
20.283,55.297,3
45.525,39.313,3
30.779,54.125,3
38.043,24.562,3
12.291,52.824,3
-0.177,42.56,3
29.961,5.201,3
22.212,11.082,3
25.527,28.034,3
46.2,53.252,3
34.332,65.407,3
29.742,17.108,3
41.44,18.179,3
21.379,62.613,3
20.465,69.847,3
43.845,25.138,3
44.647,52.839,3
21.304,58.265,3
-101.258,22.078,4
-64.799,84.841,4
27.003,-1.764,4
-86.153,45.459,4
-63.823,55.904,4
-90.81,44.122,4
51.9,11.693,4
-68.285,83.851,4
-68.03,79.296,4
-101.266,26.589,4
-63.502,73.165,4
-86.52,46.167,4
-96.361,35.978,4
-96.164,21.822,4
-90.955,39.239,4
-65.154,55.44,4
-99.74,15.621,4
-69.531,76.289,4
-87.398,60.513,4
-72.831,55.168,4
-78.125,72.702,4
-63.198,68.492,4
-61.999,63.403,4
-48.913,95.731,4
-99.28,21.574,4
-86.622,52.379,4
-99.422,7.178,4
-67.284,80.77,4
-104.436,-2.595,4
50.592,12.233,4
-95.362,38.223,4
-95.814,20.698,4
-63.126,57.177,4
-84.797,37.215,4
48.943,19.465,4
-105.166,14.058,4
-81.407,51.894,4
-65.242,75.105,4
-69.636,50.696,4
-87.872,31.805,4
-88.034,59.557,4
-68.105,58.225,4
-66.433,82.523,4
-63.972,76.365,4
-71.585,79.565,4
-90.012,46.998,4
-77.193,44.303,4
55.426,18.535,4
46.011,11.427,4
-97.444,20.31,4
-63.236,62.539,4
-95.862,33.1,4
-91.43,56.771,4
-75.926,51.051,4
-74.996,52.426,4
-104.77,4.584,4
32.923,-2.211,4
-106.176,16.14,4
56.13,1.774,4
54.24,2.309,4
-61.376,83.749,4
49.822,0.411,4
-103.757,22.818,4
-82.316,41.293,4
-80.805,52.254,4
55.702,30.494,4
-69.911,72.603,4
28.235,-2.79,4
-67.792,59.633,4
-83.599,52.005,4
-102.609,27.452,4
50.715,25.381,4
-92.674,51.853,4
-100.01,20.609,4
45.786,16.33,4
47.87,2.474,4
-64.771,93.044,4
51.641,9.434,4
-93.297,33.541,4
50.115,0.416,4
-54.616,92.317,4
56.264,16.435,4
-82.406,60.203,4
-100.339,37.153,4
54.852,30.71,4
-67.36,49.06,4
-97.469,31.828,4
-103.804,10.366,4
-68.515,52.818,4
-67.205,70.401,4
-72.426,69.312,4
-96.958,14.083,4
-86.429,63.841,4
38.708,-1.097,4
-100.66,39.431,4
46.83,20.646,4
36.448,1.968,4
-98.637,25.347,4
-101.994,6.365,4
-104.541,9.31,4
-92.203,26.221,4
-102.651,1.193,4
52.603,-0.498,4
-55.336,94.252,4
-101.838,23.292,4
-81.289,50.61,4
52.285,22.091,4
-62.94,90.43,4
-73.183,60.834,4
61.036,-0.738,4
48.356,11.267,4
-58.979,53.785,4
-88.034,66.969,4
-87.403,58.883,4
38.217,-4.699,4
-67.756,61.398,4
-71.09,86.818,4
-72.479,83.998,4
59.721,19.469,4
-78.628,58.994,4
-75.518,68.257,4
59.487,14.012,4
-80.573,57.696,4
-79.564,57.408,4
-105.469,-4.496,4
-83.931,43.863,4
-64.931,49.794,4
-93.169,51.713,4
57.812,19.153,4
-84.186,64.552,4
-63.854,65.958,4
-88.937,32.743,4
39.294,-3.59,4
-77.215,48.821,4
-76.69,59.796,4
-80.9,44.518,4
-69.911,86.519,4
-76.349,61.922,4
-80.302,49.052,4
-96.979,42.18,4
-65.908,86.359,4
-69.832,64.877,4
-84.184,51.064,4
-95.493,52.672,4
-92.908,54.838,4
-101.264,31.091,4
-85.287,38.156,4
-72.694,57.425,4
-92.465,39.614,4
-100.215,41.129,4
-104.344,-3.613,4
-91.49,38.701,4
-73.905,65.286,4
-67.938,65.363,4
-78.604,43.394,4
-82.763,39.05,4
-102.462,16.406,4
56.734,25.284,4
-70.413,51.696,4
-82.592,55.474,4
-78.132,52.638,4
49.593,22.512,4
50.332,25.404,4
53.411,-3.977,4
-100.645,-0.114,4
-105.832,2.58,4
-88.307,63.991,4
-99.66,4.472,4
-83.775,57.025,4
52.355,29.089,4
-68.356,66.659,4
-88.514,31.606,4
-64.536,77.928,4
-57.088,90.636,4
-82.059,49.071,4
-82.771,50.883,4
-104.218,5.109,4
-103.227,22.437,4
58.868,10.131,4
55.362,1.82,4
-68.563,84.397,4
-66.284,48.95,4
57.649,15.066,4
37.534,4.897,4
37.138,5.648,4
48.155,12.384,4
46.535,4.216,4
-101.107,6.28,4
-68.195,84.729,4
47.953,-3.037,4
-92.201,31.156,4
-99.612,11.668,4
-76.077,62.742,4
-82.264,47.011,4
43.339,13.771,4
57.778,17.698,4
-99.904,41.091,4
53.895,10.654,4
-92.874,58.021,4
-67.162,63.658,4
47.409,7.774,4
55.754,32.287,4
-98.899,41.649,4
52.729,26.028,4
-78.866,68.89,4
-103.587,-0.717,4
-78.133,57.553,4
31.221,-3.008,4
-44.234,99.269,4
-88.9,51.521,4
-101.319,29.084,4
-82.261,73.301,4
-84.087,36.201,4
-101.675,8.525,4
-64.018,56.879,4
-76.488,47.061,4
-103.013,5.642,4
55.838,30.378,4
-81.884,49.728,4
59.078,25.378,4
47.713,11.955,4
-62.938,57.723,4
-66.038,76.931,4
-88.509,60.377,4
-73.64,73.924,4
-91.723,60.487,4
-51.026,97.333,4
35.626,1.782,4
-84.478,39.709,4
-73.819,68.44,4
-88.499,59.782,4
-94.415,52.927,4
30.787,-4.512,4
-93.326,27.095,4
56.988,33.165,4
-86.243,60.313,4
-57.399,93.224,4
29.882,-2.946,4
56.178,16.507,4
-105.465,-2.335,4
41.979,1.934,4
-79.976,75.781,4
-63.221,87.635,4
52.274,41.849,4
36.481,-0.818,4
57.08,34.536,4
-104.191,9.943,4
-78.948,66.977,4
-76.485,45.353,4
-81.302,45.714,4
53.185,7.814,4
-99.791,33.76,4
-91.676,33.458,4
-100.75,-4.763,4
-53.828,93.255,4
-86.93,41.113,4
-86.287,37.992,4
-105.861,14.838,4
52.816,22.076,4
-83.702,45.882,4
-77.164,44.828,4
-94.958,29.854,4
-99.746,27.581,4
57.762,1.09,4
-77.29,70.535,4
-79.215,59.295,4
-94.982,40.48,4
23.521,-4.644,4
-91.723,59.937,4
-101.683,24.627,4
28.256,-0.729,4
41.651,4.197,4
-66.691,56.345,4
-78.349,53.433,4
49.75,23.868,4
-69.934,84.781,4
63.433,-2.069,4
-59.017,88.043,4
40.16,7.153,4
-81.679,53.417,4
-70.873,47.062,4
-64.651,78.474,4
-76.455,72.232,4
-89.889,43.352,4
62.293,-1.229,4
-68.947,89.08,4
-83.198,55.029,4
62.115,1.526,4
31.226,-2.291,4
-88.144,47.881,4
-62.596,72.546,4
-81.761,41.094,4
-91.161,28.239,4
-51.645,96.948,4
57.582,11.041,4
-62.744,64.626,4
42.702,6.535,4
55.248,38.001,4
-107.015,-0.146,4
-67.099,92.082,4
-98.469,45.506,4
-59.561,86.606,4
-84.445,66.889,4
-56.508,93.622,4
-69.51,68.349,4
-66.904,54.475,4
-101.199,2.543,4
61.495,4.997,4
-89.563,56.239,4
-65.102,50.991,4
-105.414,18.542,4
-104.391,13.744,4
-97.378,39.594,4
-67.159,84.219,4
-71.558,54.675,4
50.194,3.127,4
-68.295,60.216,4
38.222,-1.049,4
-91.773,39.898,4
-73.672,63.438,4
-65.139,77.906,4
-87.85,32.363,4
-72.641,84.956,4
-99.455,25.912,4
37.381,2.174,4
-62.626,69.94,4
36.192,3.744,4
-60.134,95.888,4
-85.903,48.618,4
-96.138,47.805,4
-61.596,90.363,4
-85.913,50.385,4
60.509,21.313,4
-104.112,1.201,4
-92.417,45.655,4
-65.36,72.304,4
-67.035,86.796,4
-68.429,58.982,4
-77.285,44.945,4
-102.031,27.838,4
-64.12,85.852,4
-82.058,41.794,4
-93.094,28.336,4
-67.843,90.147,4
-62.895,69.974,4
-60.374,57.544,4
-64.515,73.282,4
-91.697,27.277,4
-80.005,39.955,4
-77.881,48.918,4
-92.596,36.116,4
-58.161,92.231,4
57.106,19.884,4
59.362,17.955,4
-95.615,43.809,4
-89.624,60.969,4
46.265,15.346,4
57.745,25.392,4
-78.518,53.694,4
-105.387,-4.691,4
-81.345,55.775,4
-76.27,45.409,4
64.03,-1.631,4
-82.525,52.402,4
-86.563,49.934,4
36.273,0.88,4
-70.038,58.335,4
-76.063,48.093,4
-88.487,60.122,4
-100.747,17.021,4
-90.269,32.576,4
-84.592,42.331,4
-70.219,86.466,4
-62.339,92.869,4
-95.882,24.472,4
-78.976,61.541,4
38.308,-2.27,4
-57.178,97.589,4
-62.398,85.106,4
50.797,6.112,4
-93.598,50.106,4
42.515,1.254,4
-98.299,14.329,4
-105.162,14.409,4
-85.687,62.016,4
-83.129,36.986,4
61.914,9.093,4
-65.535,51.042,4
-71.186,89.015,4
-91.415,56.131,4
-70.896,83.481,4
-92.223,48.65,4
-101.231,16.974,4
-81.36,47.778,4
-71.897,73.599,4
-105.182,-2.081,4
-101.362,15.661,4
-101.009,35.802,4
-57.868,86.508,4
-54.633,95.075,4
-51.943,93.639,4
-74.165,63.976,4
-76.389,44.788,4
51.355,27.577,4
-83.623,70.719,4
-77.82,46.508,4
-66.262,79.615,4
-78.673,44.752,4
-99.21,26.704,4
57.805,18.058,4
-98.583,36.033,4
-93.475,24.439,4
-62.917,78.481,4
32.932,-4.006,4
43.74,2.37,4
55.1,7.762,4
42.742,0.651,4
-71.416,67.961,4
-92.199,47.768,4
30.693,-0.621,4
-103.316,19.426,4
-80.007,71.303,4
56.458,34.179,4
-91.263,37.662,4
25.622,-4.465,4
52.605,20.472,4
-95.423,29.661,4
45.426,8.737,4
-75.886,61.085,4
-58.841,92.151,4
-77.775,43.844,4
-54.487,94.134,4
-45.782,98.022,4
-85.445,69.56,4
-82.507,71.342,4
-76.009,68.663,4
40.109,-2.689,4
-92.589,33.15,4
-51.027,94.614,4
30.714,0.849,4
47.288,17.707,4
-79.952,40.487,4
-70.953,59.793,4
-77.797,45.33,4
-98.846,23.634,4
-107.08,0.675,4
-82.415,74.091,4
49.272,1.806,4
61.312,4.397,4
-82.244,46.031,4
-76.165,59.531,4
-80.504,58.698,4
-74.529,79.556,4
-58.972,82.231,4
-61.099,84.889,4
-91.531,36.905,4
56.144,7.087,4
49.787,17.173,4
-82.184,52.711,4
58.838,16.179,4
45.257,-1.4,4
-74.867,67.154,4
-59.829,97.769,4
-78.875,71.706,4
-104.3,24.842,4
-65.711,86.337,4
-62.517,93.172,4
52.854,-3.194,4
-65.998,93.863,4
-60.144,96.091,4
-103.391,4.754,4
-62.321,63.097,4
32.687,-2.603,4
-59.266,82.037,4
-90.022,53.925,4
54.747,39.724,4
-72.288,70.445,4
-93.827,27.349,4
51.419,27.631,4
-77.205,48.477,4
-80.371,40.446,4
-54.36,96.567,4
-61.962,54.995,4
-104.252,4.087,4
-74.416,71.558,4
-104.661,18.022,4
-96.846,49.059,4
-90.154,48.16,4
49.01,16.366,4
-100.38,-1.145,4
-85.048,59.066,4
-64.974,86.92,4
-68.963,70.551,4
59.779,11.148,4
-84.788,40.846,4
48.628,19.734,4
-102.083,23.262,4
-92.589,43.177,4
-61.635,78.948,4
-95.449,30.933,4
-53.707,35.435,5
-43.468,24.811,5
-26.277,19.32,5
-44.912,33.999,5
-50.953,38.939,5
-50.24,12.059,5
-28.371,17.991,5
-40.891,35.958,5
-54.809,10.573,5
-33.009,15.163,5
-45.003,8.702,5
-35.627,39.451,5
-55.198,33.409,5
-45.02,23.203,5
-46.28,30.06,5
-42.011,10.229,5
-39.98,12.622,5
-34.269,11.134,5
-39.2,31.427,5
-52.022,16.019,5
-51.565,11.255,5
-40.311,13.334,5
-39.062,14.032,5
-26.776,21.916,5
-57.937,23.42,5
-32.52,37.05,5
-36.618,11.576,5
-48.121,4.467,5
-28.497,17.256,5
-46.881,18.365,5
-38.258,43.03,5
-54.021,40.661,5
-37.482,9.532,5
-44.493,13.507,5
-58.86,38.05,5
-46.243,29.937,5
-55.427,38.964,5
-63.3,22.276,5
-38.72,27.92,5
-41.553,10.705,5
-27.082,15.971,5
-50.271,18.938,5
-28.227,33.753,5
-49.717,41.983,5
-63.777,26.404,5
-29.959,21.865,5
-62.532,29.794,5
-39.84,5.376,5
-33.945,21.51,5
-53.68,14.608,5
-45.773,21.461,5
-50.3,9.346,5
-50.862,11.377,5
-25.786,21.803,5
-34.629,6.523,5
-33.526,34.653,5
-41.63,43.408,5
-59.61,25.192,5
-37.491,5.319,5
-24.854,25.974,5
-50.359,9.522,5
-61.691,18.428,5
-30.393,32.506,5
-49.217,24.485,5
-33.374,29.193,5
-38.923,5.418,5
-39.605,13.063,5
-50.846,20.162,5
-33.148,9.649,5
-47.681,18.194,5
-37.251,26.511,5
-33.02,11.624,5
-44.875,4.063,5
-39.394,14.624,5
-48.774,5.068,5
-53.505,16.281,5
-43.883,9.806,5
-42.373,13.561,5
-37.898,15.839,5
-52.245,10.506,5
-47.239,19.982,5
-29.804,33.038,5
-53.11,39.559,5
-43.91,6.547,5
-39.075,9.926,5
-42.178,41.176,5
-39.57,18.352,5
-51.455,39.964,5
-43.848,6.433,5
-57.244,19.295,5
-58.33,14.044,5
-30.519,11.997,5
-33.992,37.364,5
-44.932,23.496,5
-53.469,11.283,5
-28.905,20.379,5
-49.93,15.974,5
-40.947,19.524,5
-47.314,9.295,5
-36.503,25.962,5
-45.6,13.561,5
-34.678,7.485,5
-61.236,16.186,5
-30.788,12.273,5
-33.484,20.394,5
-28.806,33.041,5
-40.982,9.677,5
-33.715,11.749,5
-36.666,21.461,5
-29.489,12.661,5
-47.748,41.182,5
-40.791,4.415,5
-39.235,14.679,5
-43.523,10.094,5
-55.975,23.968,5
-53.861,16.97,5
-37.819,28.751,5
-25.774,23.066,5
-32.066,34.559,5
-57.197,10.612,5
-58.301,12.266,5
-29.21,14.117,5
-32.555,19.909,5
-45.926,8.192,5
-43.826,31.18,5
-38.112,22.952,5
-46.188,10.574,5
-42.758,35.922,5
-50.484,19.086,5
-59.009,24.454,5
-25.376,22.099,5
-57.702,30.235,5
-58.599,14.162,5
-48.271,36.866,5
-29.851,12.821,5
-55.492,10.885,5
-56.766,29.343,5
-47.571,5.111,5
-33.259,20.86,5
-44.099,25.951,5
-45.724,16.935,5
-40.78,19.475,5
-49.25,37.368,5
-45.235,5.946,5
-26.174,23.403,5
-39.24,23.46,5
-32.627,12.503,5
-54.476,11.209,5
-36.603,7.702,5
-37.547,7.049,5
-34.054,22.056,5
-53.315,8.707,5
-24.474,29.895,5
-50.827,11.825,5
-43.135,9.309,5
-59.411,11.906,5
-30.51,14.092,5
-33.24,10.228,5
-59.879,24.476,5
-48.583,31.907,5
-28.319,27.291,5
-56.75,24.562,5
-44.149,16.582,5
-30.288,35.277,5
-47.521,33.697,5
-43.847,12.687,5
-49.625,10.572,5
-43.938,26.06,5
-53.776,27.359,5
-36.977,11.448,5
-30.844,22.169,5
-63.748,23.135,5
-34.542,11.672,5
-40.359,4.696,5
-34.921,22.841,5
-61.657,16.22,5
-43.975,9.201,5
-36.109,36.063,5
-42.612,29.3,5
-50.446,20.203,5
-40.967,4.321,5
-55.486,22.361,5
-33.407,17.012,5
-55.323,8.748,5
-47.633,19.928,5
-27.576,13.692,5
-37.72,19.466,5
-43.229,5.516,5
-55.931,10.969,5
-43.004,5.819,5
-53.824,36.712,5
-58.877,35.893,5
-31.167,10.174,5
-49.509,32.523,5
-39.974,9.105,5
-34.308,12.838,5
-54.578,9.765,5
-37.298,32.003,5
-39.905,12.779,5
-43.11,41.049,5
-54.135,28.491,5
-55.852,29.21,5
-58.15,13.452,5
-28.72,16.781,5
-46.738,7.173,5
-57.219,10.569,5
-31.956,28.514,5
-57.717,38.289,5
-53.572,18.711,5
-49.333,18.226,5
-56.727,15.101,5
-42.441,13.238,5
-48.316,5.817,5
-54.449,12.578,5
-50.83,6.544,5
-43.654,4.636,5
-46.72,24.254,5
-33.79,22.881,5
-33.964,15.015,5
-33.854,9.296,5
-48.012,5.368,5
-40.853,34.178,5
-57.055,9.985,5
-46.094,10.692,5
-32.876,20.198,5
-26.929,28.432,5
-60.554,26.274,5
-42.653,4.602,5
-48.741,23.766,5
-51.829,6.215,5
-39.46,25.553,5
-55.852,33.66,5
-48.567,5.311,5
-38.039,13.292,5
-26.967,17.304,5
-60.793,20.12,5
-47.268,16.251,5
-40.631,41.091,5
-38.047,32.498,5
-34.715,36.397,5
-36.608,22.766,5
-43.208,16.705,5
-29.778,33.338,5
-54.161,36.705,5
-42.783,6.859,5
-35.063,21.272,5
-39.457,37.69,5
-34.463,9.33,5
-36.44,15.108,5
-28.126,20.218,5
-51.65,12.224,5
-29.801,19.634,5
-46.701,40.367,5
-44.225,12.673,5
-40.53,8.467,5
-50.062,7.096,5
-51.074,37.759,5
-32.19,8.827,5
-27.291,19.232,5
-46.399,6.465,5
-54.796,22.19,5
-27.904,31.148,5
-39.257,40.045,5
-45.476,19.769,5
-53.624,15.341,5
-28.811,30.997,5
-47.284,37.459,5
-42.899,14.011,5
-37.463,14.887,5
-46.535,37.237,5
-36.915,16.494,5
-34.823,22.631,5
-41.415,40,5
-40.182,9.253,5
-39.634,16.492,5
-48.979,11.615,5
-43.771,6.663,5
-63.075,24.285,5
-37.842,38.644,5
-60.246,30.482,5
-31.689,12.31,5
-46.53,13.553,5
-45.566,34.385,5
-57.321,17.076,5
-49.654,42.006,5
-26.846,33.221,5
-32.348,37.669,5
-45.082,12.975,5
-60.386,23.575,5
-27.122,28.813,5
-36.787,25.543,5
-35.156,18.434,5
-52.693,6.196,5
-39.23,16.943,5
-40.61,12.202,5
-39.277,14.572,5
-42.62,7.719,5
-51.175,26.12,5
-51.162,10.166,5
-47.889,36.545,5
-35.929,5.678,5
-62.11,27.412,5
-44.222,4.453,5
-30.22,35.987,5
-40.605,12.771,5
-42.697,32.352,5
-49.707,6.665,5
-57.713,27.428,5
-47.278,43.078,5
-45.213,40.652,5
-42.18,12.846,5
-42.92,7.003,5
-29.698,13.864,5
-45.363,4.255,5
-37.248,6.918,5
-55.269,8.587,5
-26.399,15.403,5
-26.133,33.221,5
-33.98,11.72,5
-53.034,10.033,5
-39.93,12.547,5
-31.302,32.924,5
-33.977,9.181,5
-44.398,39.671,5
-57.797,15.326,5
-40.399,14.283,5
-45.888,24.773,5
-46.124,12.241,5
-53.399,9.683,5
-38.951,39.317,5
-58.221,33.912,5
-40.733,41.924,5
-30.184,24.974,5
-51.857,15.311,5
-57.117,19.397,5
-47.914,27.616,5
-54.438,27.653,5
-39.058,33.651,5
-46.117,8.032,5
-59.856,29.744,5
-39.036,39.616,5
-59.201,23.053,5
-58.415,33.354,5
-51.452,23.608,5
-51.498,29.231,5
-35.677,8.744,5
-60.38,29.439,5
-33.978,17.169,5
-51.46,9.583,5
-55.302,16.679,5
-62.421,17.114,5
-35.371,26.285,5
-27.541,26.967,5
-37.742,14.164,5
-43.857,8.706,5
-24.319,18.688,5
-29.75,25.516,5
-28.734,37.608,5
-42.744,26.916,5
-35.809,11.456,5
-51.45,28.444,5
-49.825,28.124,5
-33.148,15.526,5
-45.427,10.182,5
-58.66,13.781,5
-38.541,23.353,5
-32.117,8.591,5
-50.362,5.366,5
-31.525,20.641,5
-61.013,15.481,5
-42.273,11.862,5
-39.341,37.881,5
-48.28,42.359,5
-51.366,10.69,5
-34.162,7.872,5
-32.655,21.894,5
-42.871,33.991,5
-42.81,9.756,5
-23.65,23.901,5
-39.471,42.152,5
-48.472,26.226,5
-52.964,22.771,5
-36.468,5.7,5
-48.038,29.745,5
-34.739,21.852,5
-50.077,42.944,5
-27.106,18.53,5
-61.682,29.047,5
-44.106,6.908,5
-58.67,37.565,5
-44.354,24.164,5
-58.881,35.386,5
-29.259,32.872,5
-47.854,14.968,5
-38.294,9.301,5
-48.491,4.684,5
-41.94,6.694,5
-62.226,16.212,5
-25.21,30.628,5
-52.164,13.773,5
-46.768,38.288,5
-27.591,17.489,5
-45.096,4.999,5
-33.421,37.11,5
-48.112,4.586,5
-45.555,4.364,5
-39.886,9.784,5
-39.783,32.349,5
-34.807,6.831,5
-46.747,30.825,5
-35.448,7.661,5
-59.099,11.732,5
-45.344,9.032,5
-48.297,24.651,5
-59.029,21.996,5
-41.857,16.836,5
-34.112,37.296,5
-36.596,10.877,5
-52.758,6.066,5
-42.494,31.8,5
-44.81,35.141,5
-32.894,9.59,5
-50.981,16.519,5
-51.564,17.49,5
-46.846,22.599,5
-45.152,10.393,5
-29.495,24.807,5
-51.225,39.159,5
-56.734,39.624,5
-33.56,19.405,5
-30.745,20.391,5
-52.885,37.06,5
-59.713,28.612,5
-61.737,23.746,5
-55.89,14.97,5
-60.378,31.153,5
-32.731,23.258,5
-44.831,13.441,5
-50.293,33.142,5
-44.219,15.564,5
-34.161,10.127,5
-44.718,11.717,5
-31.413,9.439,5
-51.634,8.566,5
-59.259,26.056,5
-25.741,28.48,5
-33.299,39.123,5
-46.075,12.452,5
-42.17,17.542,5
-29.611,11.567,5
-37.016,26.252,5
-49.98,27.791,5
-52.21,35.496,5
-44.716,35.802,5
-43.443,13.61,5
-31.723,10.299,5
-57.659,26.937,5
-47.677,7.958,5
-43.359,16.087,5
-45.553,9.444,5
-62.035,21.648,5
-53.106,29.484,5
-54.52,14.174,5
-34.67,10.552,5
-48.533,7.725,5
-34.015,21.362,5
-30.114,13.989,5
-63.374,28.796,5
-56.222,38.121,5
-51.987,14.399,5
-49.749,26.191,5
-36.486,18.899,5
-55.883,8.455,5
-30.86,16.945,5
-32.316,17.051,5
-26.694,14.767,5
-45.304,11.883,5
-62.55,21.006,5
-32.389,15.975,5
-47.787,32.853,5
-27.341,21.469,5
-30.641,27.731,5
-43.104,18.72,5
-45.669,23.91,5
-26.377,18.248,5
-33.768,9.401,5
-40.818,8.313,5
-34.203,27.916,5
-51.436,16.166,5
-55.049,11.608,5
-34.378,13.504,5
-29.916,14.049,5
-51.679,7.504,5
-35.324,21.827,5
-40.183,39.734,5
-53.995,7.358,5
-45.086,8.956,5
-52.534,9.415,5
-29.394,11.391,5
-43.813,24.345,5
-75.48,44.768,6
-85.697,19.913,6
-87.533,11.493,6
-20.515,47.644,6
-85.255,35.752,6
-72.073,34.197,6
-68.274,16.067,6
-70.944,22.512,6
-60.789,44.56,6
-58.713,4.487,6
-67.694,13.852,6
-64.384,18.406,6
-64.633,42.606,6
-68.475,7.527,6
-67.244,13.267,6
-90.777,27.439,6
-63.789,5.502,6
-52.299,1.892,6
-68.609,17.705,6
-70.591,4.277,6
-83.768,7.486,6
-44.288,3.395,6
-61.134,11.77,6
-66.864,42.348,6
-76.392,36.158,6
-40.39,3.461,6
-24.852,37.35,6
-18.695,39.889,6
-83.84,13.352,6
-23.446,22.338,6
-59.75,11.419,6
-73.889,15.634,6
-62.96,1.808,6
-65.269,32.414,6
-67.923,16.089,6
-89.55,14.731,6
-56.831,-0.128,6
-71.525,3.179,6
-60.348,36.388,6
-89.146,14.073,6
-68.92,20.94,6
-64.461,-0.755,6
-61.428,45.163,6
-50.655,1.862,6
-52.9,-1.684,6
-43.948,47.897,6
-24.131,43.196,6
-66.568,22.579,6
-53.872,54.709,6
-61.824,8.991,6
-40.518,3.668,6
-42.016,3.412,6
-70.217,20.489,6
-73.338,12.306,6
-41.397,46.909,6
-72.378,15.021,6
-24.141,40.007,6
-76.117,2.362,6
-68.63,39.632,6
-85.857,28.745,6
-31.944,41.244,6
-60.602,47.996,6
-86.846,16.048,6
-53.764,4.572,6
-88.956,24.97,6
-40.389,44.571,6
-87.15,10.848,6
-66.112,11.637,6
-63.142,10.307,6
-72.11,28.16,6
-59.973,-1.173,6
-75.507,19.08,6
-73.897,13.373,6
-48.993,-0.151,6
-65.253,44.943,6
-24.081,45.071,6
-65.006,2.702,6
-51.134,0.654,6
-37.709,55.133,6
-73.29,39.371,6
-29.426,46.269,6
-42.846,3.601,6
-62.408,10.13,6
-66.549,42.841,6
-38.225,48.633,6
-71.231,31.123,6
-42.625,52.855,6
-75.182,27.35,6
-51.009,1.822,6
-51.178,1.815,6
-77.872,43.274,6
-27.181,40.52,6
-65.962,48.364,6
-94.406,21.104,6
-64.512,41.405,6
-80.574,10.721,6
-76.849,34.953,6
-83.227,29.181,6
-47.696,-0.052,6
-65.381,32.089,6
-69.019,34.176,6
-77.073,27.728,6
-73.326,31.883,6
-69.034,33.114,6
-72.742,3.913,6
-23.36,36.081,6
-81.592,28.099,6
-64.719,19.326,6
-69.729,18.895,6
-40.466,44.648,6
-26.277,37.008,6
-84.975,12.216,6
-73.695,20.675,6
-59.658,52.929,6
-68.925,29.678,6
-59.209,2.366,6
-66.335,23.43,6
-57.456,7.016,6
-66.402,41.111,6
-66.101,45.155,6
-65.922,29.73,6
-69.675,21.201,6
-47.658,2.821,6
-24.762,40.905,6
-64.337,27.461,6
-65.074,27.811,6
-64.474,19.578,6
-72.812,1.07,6
-52.935,2.025,6
-57.188,40.519,6
-31.316,51.263,6
-56.191,44.107,6
-59.192,8.546,6
-88.575,16.671,6
-63.024,47.619,6
-50.077,0.754,6
-66.548,38.339,6
-21.719,41.958,6
-70.392,2.411,6
-66.408,23.538,6
-78.71,30.695,6
-33.685,42.836,6
-73.42,7.214,6
-56.196,-0.241,6
-53.379,0.662,6
-55.507,47.884,6
-86.574,29.659,6
-64.64,1.397,6
-60.154,8.834,6
-52.131,-0.951,6
-77.889,34.082,6
-75.938,41.17,6
-23.752,41.963,6
-41.822,48.604,6
-63.121,5.413,6
-63.559,5.849,6
-76.106,17.947,6
-54.309,3.602,6
-77.742,3.206,6
-66.259,10.326,6
-69.049,9.696,6
-85.17,23.599,6
-79.279,26.736,6
-61.451,1.168,6
-82.538,29.537,6
-22.998,50.734,6
-49.243,48.466,6
-64.529,8.949,6
-49.851,1.05,6
-76.92,35.366,6
-67.835,3.257,6
-92.143,25.363,6
-61.376,8.545,6
-49.018,49.089,6
-60.933,11.033,6
-50.071,3.395,6
-21.889,30.598,6
-39.743,53.046,6
-52.16,0.863,6
-54.116,5.665,6
-68.779,42.371,6
-77.955,3.402,6
-76.118,7.507,6
-65.02,7.964,6
-69.076,16.743,6
-58.005,-0.331,6
-69.58,40.846,6
-68.075,28.568,6
-58.034,7.907,6
-64.115,32.484,6
-59.36,39.626,6
-87.208,26.86,6
-61.136,42.354,6
-61.998,-1.614,6
-63.143,5.822,6
-37.658,4.831,6
-29.726,45.45,6
-57.928,7.403,6
-77.232,38.428,6
-68.643,-0.403,6
-64.785,4.03,6
-60.968,3.246,6
-74.79,18.579,6
-58.641,-0.698,6
-82.359,39.114,6
-39.366,3.451,6
-68.303,12.014,6
-69.887,23.616,6
-42.522,2.583,6
-47.03,2.898,6
-64.68,1.174,6
-63.637,46.531,6
-60.371,12.413,6
-26.61,38.328,6
-31.617,50.931,6
-86.082,12.366,6
-42.372,49.539,6
-71.342,38.721,6
-66.394,44.444,6
-30.043,50.848,6
-77.215,2.315,6
-87.572,21.158,6
-66.67,12.418,6
-27.099,54.224,6
-20.063,48.152,6
-46.656,1.044,6
-23.8,43.918,6
-70.55,39.831,6
-19.227,43.734,6
-92.408,17.679,6
-58.6,3.814,6
-67.177,-1.064,6
-78.218,21.581,6
-84.372,19.86,6
-60.234,7.738,6
-76.826,42.417,6
-53.17,1.038,6
-42.096,52.529,6
-29,40.105,6
-59.995,2.777,6
-43.062,3.85,6
-71.78,25.1,6
-77.84,17.806,6
-70.176,37.677,6
-62.185,48.099,6
-81.142,15.883,6
-75.71,29.869,6
-70.294,31.427,6
-70.27,19.944,6
-63.203,32.351,6
-23.096,54.127,6
-38.605,48.873,6
-78.403,5.721,6
-49.671,3.236,6
-39.813,2.812,6
-67.77,16.187,6
-22.883,24.108,6
-36.019,46.405,6
-72.045,27.739,6
-49.345,51.044,6
-24.339,43.551,6
-82.322,29.892,6
-65.476,0.144,6
-65.058,9.73,6
-45.988,3.252,6
-64.882,12.049,6
-53.126,3.958,6
-47.703,0.9,6
-66.42,50.523,6
-86.647,16.058,6
-51.19,2.07,6
-78.383,14.379,6
-55.572,4.44,6
-78.857,33.115,6
-77.861,15.986,6
-64.501,12.099,6
-42.517,3.568,6
-86.187,23.953,6
-71.176,14.704,6
-42.675,2.833,6
-78.908,4.796,6
-58.67,8.545,6
-59.304,8.533,6
-56.131,1.399,6
-76.873,37.268,6
-74.577,1.417,6
-73.931,6.788,6
-59.553,10.958,6
-23.502,27.48,6
-53.378,-1.709,6
-23.725,37.449,6
-67.504,8.102,6
-64.428,2.061,6
-73.996,43.406,6
-55.995,5.467,6
-82.468,26.88,6
-27.547,39.653,6
-65.513,32.41,6
-33.478,47.913,6
-62.488,4.079,6
-63.448,5.1,6
-69.177,24.139,6
-50.866,54.219,6
-68.885,47.464,6
-46.034,1.334,6
-85.52,22.559,6
-23.229,38.173,6
-85.004,10.358,6
-72.23,11.693,6
-21.965,31.709,6
-47.809,4.026,6
-43.073,2.031,6
-69.078,11.148,6
-87.165,19.745,6
-49.61,1.746,6
-40.123,2.941,6
-21.104,43.562,6
-32.006,49.893,6
-31.22,48.111,6
-89.469,19.621,6
-57.668,0.513,6
-66.86,17.954,6
-23.507,21.116,6
-38.595,3.484,6
-51.561,-0.367,6
-73.88,31.082,6
-49.274,0.043,6
-58.544,8.338,6
-67.33,16.514,6
-77.793,31.304,6
-68.168,10.884,6
-57.313,3.328,6
-71.84,23.317,6
-44.316,53.231,6
-64.341,21.158,6
-45.691,1.773,6
-44.63,2.295,6
-91.799,20.647,6
-42.387,2.316,6
-49.818,3.233,6
-66.959,16.308,6
-64.122,41.493,6
-66.043,25.402,6
-67.715,38.515,6
-57.25,41.867,6
-19.861,34.687,6
-68.637,43.561,6
-76.771,21.071,6
-81.042,22.529,6
-46.836,2.892,6
-52.749,45.863,6
-23.748,19.063,6
-63.107,35.727,6
-50.502,2.771,6
-53.87,53.746,6
-62.573,33.767,6
-59.016,10.096,6
-78.305,39.676,6
-76.602,17.584,6
-25.261,53.533,6
-78.843,7.692,6
-47.152,4.125,6
-79.255,34.316,6
-59.257,7.436,6
-29.861,46.25,6
-69.232,7.188,6
-65.717,14.294,6
-68.587,19.082,6
-62.447,11.256,6
-68.287,1.382,6
-49.468,0.028,6
-74.576,29.257,6
-56.566,2.049,6
-66.198,5.078,6
-48.289,1.48,6
-85.856,18.834,6
-48.6,3.45,6
-66.974,30.295,6
-24.122,39.482,6
-80.991,8.085,6
-45.489,2.268,6
-68.266,35.924,6
-54.047,5.77,6
-60.903,2.694,6
-28.006,54.812,6
-75.208,5.765,6
-55.967,51.464,6
-45.847,46.746,6
-63.506,9.543,6
-84.497,29.079,6
-63.763,17.797,6
-40.626,2.578,6
-65.545,6.828,6
-22.067,25.883,6
-35.269,5.474,6
-57.969,43.186,6
-62.914,1.754,6
-71.105,17.246,6
-90.726,19.563,6
-43.164,2.027,6
-48.977,2.062,6
-40.992,3.883,6
-44.525,2.427,6
-58.595,6.384,6
-50.363,3.246,6
-44.162,2.673,6
-82.649,36.243,6
-61.738,8.22,6
-38.209,3.473,6
-75.371,8.157,6
-65.195,14.791,6
-75.286,25.761,6
-77.425,6.155,6
-65.966,1.544,6
-43.387,2.903,6
-56.429,6.354,6
-75.873,40.308,6
-23.474,31.097,6
-44.586,46.661,6
-54.819,5.016,6
-77.529,5.464,6
-75.087,9.797,6
-23.252,43.958,6
-66.279,39.701,6
-53.161,-1.104,6
-80.687,10.651,6
-37.044,4.265,6
-69.538,18.095,6
-70.982,24.485,6
-22.814,42.505,6
-90.278,28.894,6
-50.131,53.538,6
-71.478,31.511,6
-47.884,-0.012,6
-20.394,39.2,6
-73.567,45.498,6
-37.044,4.463,6
-94.245,22.812,6
-25.11,41.945,6
-71.671,3.57,6
-77.701,11.096,6
-24.471,34.538,6
-46.342,3.29,6
-82.464,39.377,6
-52.391,0.467,6
-74.677,40.762,6
-70.449,10.734,6
-21.77,43.227,6
-81.999,36.348,6
-61.036,-1.431,6
-59.477,2.275,6
-53.938,2.628,6
-62.984,48.425,6
-59.165,46.65,6
-52.473,-0.593,6
-54.862,44.221,6
-59.187,52.462,6
-73.242,45.527,6
-64.47,39.209,6
-92.841,24.741,6
-59.055,8.213,6
-42.702,3.756,6
-42.578,47.929,6
-86.527,26.448,6
-78.197,7.311,6
-50.254,1.159,6
-61.25,36.521,6
-65.436,42.242,6
-76.823,6.72,6
-46.821,3.674,6
-30.434,51.511,6
-75.18,5.1,6
-67.144,45.038,6
-25.9,47.105,6
-82.01,17.443,6
-53.091,5.632,6
-54.432,6.052,6
-22.033,51.972,6
-21.303,26.466,6
-70.657,15.38,6
-42.765,54.551,6
-66.295,-0.356,6
-65.214,49.625,6
-22.652,27.644,6
-70.539,5.701,6
-68.643,37.898,6
-69.581,22.771,6
-88.775,17.372,6
-64.841,9.473,6
-32.181,45.418,6
-72.66,14.864,6
-75.469,31.531,6
-68.303,36.715,6
-47.778,49.853,6
-93.107,25.608,6
-83.464,30.335,6
-70.859,35.734,6
-42.372,2.361,6
-46.885,46.551,6
-71.657,14.105,6
-30.417,-2.945,7
-37.712,-3.061,7
-43.386,-3.167,7
-36.34,-3.411,7
-46.328,-2.273,7
-38.307,-3.974,7
-36.556,0.043,7
-36.878,0.578,7
-48.776,-2.347,7
-41.319,-3.095,7
-32.185,-3.833,7
-44.003,-4.647,7
-36.19,-4.531,7
-40.856,-2.046,7
-38.969,-2.953,7
-39.341,1.04,7
-39.46,-2.702,7
-34.57,4.154,7
-27.733,-0.068,7
-38.654,-4.278,7
-20.074,10.047,7
-38.545,-4.824,7
-35.977,0.468,7
-24.419,2.432,7
-40.284,-4.951,7
-40.221,0.855,7
-29.707,-2.299,7
-31.362,-4.012,7
-39.931,-4.406,7
-43.619,-3.074,7
-41.039,-3.899,7
-40.02,-1.904,7
-35.75,-4.66,7
-32.624,4.299,7
-19.119,10.33,7
-38.17,-4.832,7
-40.741,-4.925,7
-16.142,-1.646,7
-33.064,-3.77,7
-20.924,18.145,7
-41.406,-1.766,7
-21.284,7.847,7
-33.343,-3.175,7
-38.489,-0.441,7
-38.637,-3.793,7
-22.103,3.706,7
-37.378,0.552,7
-20.951,10.118,7
-41.611,-4.907,7
-28.667,-4.25,7
-38.825,-1.445,7
-36.33,0.361,7
-42.158,-4.87,7
-37.156,-1.16,7
-33.935,-0.956,7
-41.98,-0.389,7
-42.664,0.157,7
-52.249,-2.251,7
-36.197,-3.357,7
-38.4,0.929,7
-19.504,-0.735,7
-16.024,0.557,7
-36.893,1.896,7
-41.196,-3.733,7
-39.272,2.447,7
-17.218,6.258,7
-30.591,1.057,7
-38.659,-4.681,7
-21.009,2.069,7
-43.852,-4.313,7
-29.971,-3.826,7
-35.257,-1.701,7
-36.555,-2.733,7
-18.95,-3.543,7
-38.415,-4.294,7
-33.568,0.249,7
-39.756,-0.844,7
-58.892,-3.107,7
-35.884,-1.632,7
-18.967,-4.655,7
-19.196,-1.975,7
-17.224,10.371,7
-30.967,2.368,7
-23.404,-2.94,7
-18.887,15.841,7
-37.864,-1.203,7
-21.987,13.753,7
-32.037,6.934,7
-26.371,1.56,7
-26.398,12.353,7
-46.473,-2.171,7
-40.453,-3.955,7
-34.449,3.965,7
-38,-3.919,7
-39.956,-4.923,7
-31.963,-3.509,7
-27.941,1.335,7
-21.849,-4.544,7
-26.803,2.93,7
-39.206,0.172,7
-39.64,-4.515,7
-33.043,6.091,7
-19.469,14.656,7
-44.358,0.005,7
-32.85,6.773,7
-27.247,-4.492,7
-28.757,-4.467,7
-41.553,-3.011,7
-22.741,3.611,7
-32.173,6.986,7
-19.296,0.369,7
-43.805,-0.346,7
-40.576,-4.542,7
-22.716,5.662,7
-38.237,-3.997,7
-42.751,-1.606,7
-23.444,10.164,7
-35.342,1.562,7
-32.803,3.889,7
-48.367,-3.159,7
-27.501,-0.967,7
-33.686,-0.6,7
-31.771,7.05,7
-35.992,-3.031,7
-32.653,2.791,7
-32.487,4.42,7
-29.153,-3.87,7
-22.345,4.401,7
-40.445,-3.882,7
-20.466,-2.109,7
-45.247,-1.434,7
-38.106,-1.541,7
-48.091,-1.253,7
-28.535,9.899,7
-31.282,2.09,7
-18.717,-0.038,7
-41.595,-0.291,7
-34.4,-1.075,7
-39.265,-4.208,7
-19.919,12.232,7
-29.118,-0.309,7
-40.927,-3.247,7
-33.048,-0.386,7
-23.556,-0.781,7
-29.568,-3.366,7
-32.026,1.374,7
-42.037,-3.737,7
-39.412,-3.721,7
-33.755,-3.046,7
-29.895,0.032,7
-26.358,0.682,7
-31.873,1.8,7
-38.987,0.668,7
-41.29,1.49,7
-32.074,0.905,7
-34.223,-4.384,7
-37.958,-4.858,7
-39.155,-3.05,7
-44.58,-4.707,7
-21.591,5.06,7
-42.617,1.019,7
-34.401,-3.248,7
-21.309,1.541,7
-22.366,6.267,7
-54.505,-3.882,7
-35.562,-3.92,7
-40.049,-4.397,7
-23.074,12.407,7
-34.632,-4.942,7
-36.507,-4.791,7
-25.669,7.926,7
-36.775,-4.755,7
-35.15,-1.081,7
-49.919,-1.724,7
-41.337,-4.665,7
-38.649,-3.631,7
-26.294,7.337,7
-42.764,-4.277,7
-37.068,3.284,7
-26.453,2.217,7
-19.362,5.33,7
-41.842,0.326,7
-25.762,-3.272,7
-39.389,-3.068,7
-59.407,-2.359,7
-40.036,-1.698,7
-40.096,-0.574,7
-41.578,-1.252,7
-17.352,-4.683,7
-27.328,3.678,7
-50.241,-3.336,7
-33.436,-0.767,7
-44.039,-2.966,7
-42.959,-4.935,7
-21.709,1.091,7
-36.879,-4.508,7
-21.491,-2.309,7
-41.421,-3.569,7
-45.153,-4.724,7
-40.411,-3.509,7
-40.612,-1.224,7
-31.983,-2.018,7
-28.427,-3.617,7
-20.044,-1.609,7
-40.404,-4.534,7
-47.733,-1.452,7
-39.786,-2.872,7
-16.98,5.024,7
-35.403,0.288,7
-42.529,0.833,7
-40.13,-3.707,7
-31.512,3.849,7
-38.193,-2.4,7
-38.718,-1.914,7
-32.05,5.939,7
-35.429,-0.011,7
-22.113,-0.959,7
-37.289,-4.905,7
-17.753,3.944,7
-43.942,-3.682,7
-31.824,7.596,7
-20.413,6.093,7
-51.648,-4.822,7
-36.682,-1.104,7
-16.949,11.077,7
-39.941,-2.683,7
-47.249,-3.063,7
-42.069,-0.797,7
-48.129,-3.052,7
-25.844,4.809,7
-39.846,-4.968,7
-42.079,-1.366,7
-39.342,-3.904,7
-37.139,-1.998,7
-39.436,0.925,7
-33.837,3.615,7
-45.131,-2.851,7
-33.187,-0.917,7
-19.226,9.375,7
-30.678,0.256,7
-33.58,3.404,7
-25.884,13.218,7
-27.007,-1.935,7
-27.095,7.484,7
-33.042,-2.308,7
-42.843,-4.513,7
-39.052,-1.691,7
-37.966,-4.068,7
-16.053,-1.761,7
-37.982,-1.218,7
-23.755,4.636,7
-29.171,0.44,7
-33.829,4.438,7
-37.184,0.634,7
-50.126,-4.528,7
-42.136,1.273,7
-22.664,8.766,7
-38.331,-2.079,7
-46.322,-2.944,7
-35.726,-4.274,7
-35.413,1.316,7
-34.5,1.328,7
-37.756,2.009,7
-40.269,-3.683,7
-37.484,2.147,7
-37.149,-2.605,7
-17.126,2.357,7
-38.137,-3.761,7
-17.761,6.291,7
-42.487,-0.708,7
-36.187,-4.508,7
-19.78,16.592,7
-30.865,6.385,7
-53.855,-4.293,7
-42.406,-0.494,7
-20.776,-1.539,7
-41.061,-3.742,7
-21.83,12.308,7
-44.793,-2.47,7
-40.018,-4.985,7
-24.283,12.899,7
-37.115,1.053,7
-39.407,-3.604,7
-22.708,-4.928,7
-37.334,3.288,7
-46.574,-3.397,7
-39.051,0.733,7
-20.02,-1.005,7
-39.523,-4.049,7
-34.959,-3.956,7
-49.833,-1.981,7
-50.684,-2.01,7
-46.199,-1.702,7
-40.139,1.029,7
-45.27,-2.594,7
-33.159,4.826,7
-23.813,18.043,7
-38.378,-0.421,7
-44.073,-2.099,7
-22.415,10.841,7
-44.16,-1.296,7
-40.112,-4.564,7
-43.285,-2.333,7
-42.889,0.819,7
-18.595,1.618,7
-32.763,-4.803,7
-39.626,-4.675,7
-18.548,-1.732,7
-51.362,-4.176,7
-26.285,4.323,7
-32.453,-3.675,7
-37.902,0.864,7
-28.617,-3.866,7
-46.483,-1.062,7
-48.885,-1.197,7
-19.129,8.963,7
-38.634,-2.727,7
-38.704,-4.872,7
-38.162,-3.004,7
-30.957,2.881,7
-47.186,-4.373,7
-43.711,-4.438,7
-34.518,-1.367,7
-37.721,-4.757,7
-41.206,-3.757,7
-36.754,-4.892,7
-22.22,17.278,7
-36.744,4.162,7
-39.737,-3.289,7
-19.383,-1.783,7
-22.393,-3.514,7
-42.417,-2.025,7
-32.433,3.139,7
-40.505,-3.288,7
-40.94,-3.978,7
-39.846,-4.195,7
-35.925,3.054,7
-26.694,11.835,7
-25.475,12.039,7
-36.693,3.268,7
-35.56,-2.656,7
-34.007,-0.019,7
-20.922,12.417,7
-35.921,-3.853,7
-43.319,-3.872,7
-48.223,-2.884,7
-18.652,14.773,7
-39.472,-2.353,7
-26.518,12.805,7
-57.232,-2.64,7
-43.639,-0.835,7
-40.44,-4.744,7
-30.803,-3.279,7
-34.635,-4.926,7
-27.112,11.337,7
-40.318,-4.094,7
-45.994,-0.689,7
-44.96,-4.798,7
-24.07,-2.041,7
-35.103,2.85,7
-29.798,-3.573,7
-57.944,-4.123,7
-49.315,-3.646,7
-41.22,-2.509,7
-31.484,-0.162,7
-26.664,10.812,7
-38.359,-2.901,7
-30.959,-3.707,7
-37.694,-4.114,7
-40.42,-4.193,7
-39.447,-4.993,7
-40.761,-0.558,7
-45.06,-2.241,7
-59.174,-4.909,7
-26.175,5.103,7
-35.025,-3.739,7
-25.87,4.904,7
-41.461,-3.506,7
-41.103,-1.838,7
-38.286,-2.846,7
-17.621,9.882,7
-39.498,-4.014,7
-21.534,16.608,7
-44.684,-1.338,7
-33.308,-3.629,7
-57.709,-4.409,7
-22.585,11.051,7
-24.33,-0.118,7
-40.967,-1.654,7
-37.742,-4.859,7
-38.395,-2.137,7
-32.512,5.912,7
-35.201,1.604,7
-28.213,0.331,7
-33.009,3.667,7
-26.023,4.518,7
-29.868,-0.001,7
-31.089,6.91,7
-33.906,0.86,7
-47.987,-3.387,7
-27.8,11.464,7
-44.607,-1.114,7
-38.523,-4.704,7
-39.396,0.883,7
-18.945,9.232,7
-49.065,-1.374,7
-23.516,-1.798,7
-24.259,-0.648,7
-31.81,5.008,7
-35.947,4.601,7
-23.686,2.205,7
-17.158,9.896,7
-34.048,-0.895,7
-49.381,-4.219,7
-49.363,-4.491,7
-30.067,7.821,7
-44.218,-4.072,7
-29.845,-3.206,7
-37.206,-1.455,7
-40.049,-2.316,7
-24.903,-4.34,7
-22.884,4.79,7
-29.86,8.354,7
-27.547,3.574,7
-46.193,-1.075,7
-39.519,-3.939,7
-36.803,1.738,7
-16.2,8.897,7
-40.355,-0.915,7
-17.901,-4.316,7
-26.48,-4.147,7
-38.306,-2.799,7
-24.115,7.21,7
-18.489,13.193,7
-16.427,2.054,7
-23.565,6.852,7
-33.607,4.408,7
-35.461,1.651,7
-50.206,-4.78,7
-51.151,-2.875,7
-43.618,-4.336,7
-26.415,-1.12,7
-29.099,-1.703,7
-53.853,-4.218,7
-31.075,-2.485,7
-40.127,-4.818,7
-30.835,-3.333,7
-40.028,-4.282,7
-28.571,6.574,7
-37.802,-4.304,7
-32.528,-3.646,7
-44.212,-4.585,7
-39.343,-4.905,7
-40.979,-3.896,7
-25.222,-2.973,7
-40.176,-4.501,7
-44.525,-4.236,7
-40.634,-4.006,7
-44.818,-1.883,7
-27.432,7.338,7
-50.843,-1.791,7
-22.571,2.216,7
-37.238,3.899,7
-25.703,-4.703,7
-29.662,-0.563,7
-41.567,-4.971,7
-20.715,12.415,7
-37.364,-2.95,7
-20.904,-4.584,7
-23.184,-4.919,7
-53.185,-2.63,7
-29.459,-3.08,7
-47.794,-3.57,7
-38.141,-1.062,7
-20.055,1.039,7
-32.541,-1.122,7
-33.361,2.039,7
-39.769,-2.785,7
-21.804,-3.001,7
-44.074,-4.949,7
-33.302,-0.879,7
-27.626,-0.009,7
-40.287,-1.184,7
-42.876,-1.051,7
-20.795,-0.578,7
-28.407,5.71,7
-30.494,-2.22,7
-47.214,-2.741,7
-40.893,-4.441,7
-24.82,5.035,7
-42.079,-0.527,7
-45.321,-1.178,7
-27.966,5.068,7
-26.324,1.641,7
-30.247,8.433,7
-47.762,-4.667,7
-30.296,3.565,7
-30.558,2.679,7
-40.84,-0.814,7
-41.866,-2.982,7
