-1.16432,0.22684,0
-1.29326,0.04836,0
0.48943,0.19465,0
-0.00092,0.61483,0
-0.19415,0.94751,0
-1.29051,0.21243,0
0.22193,0.25075,0
0.49805,0.46618,0
-0.28536,0.73049,0
-0.72694,0.57425,0
0.42202,0.45774,0
-1.01374,0.71886,0
0.24404,0.05151,0
0.12455,0.32375,0
0.29054,0.69202,0
-1.07547,0.38832,0
0.22167,0.6381,0
0.02326,0.4642,0
0.11421,0.41993,0
0.4189,0.27288,0
-1.05166,0.14058,0
0.11629,0.32769,0
-0.69911,0.72603,0
-0.92611,0.74009,0
-0.78125,0.72702,0
-0.44036,0.93345,0
-0.93326,0.27095,0
-0.63854,0.65958,0
0.35793,0.23337,0
-0.82184,0.52711,0
-0.62938,0.57723,0
0.37381,0.02174,0
-1.0066,0.39431,0
-0.68991,0.95784,0
0.47953,-0.03037,0
-0.75518,0.68257,0
0.18612,0.14613,0
-1.08314,0.10485,0
0.28318,0.16968,0
0.20361,0.2224,0
-0.57766,0.75956,0
-0.12096,0.55202,0
0.14222,0.54318,0
-0.48196,0.76611,0
0.00989,0.50219,0
-0.70953,0.59793,0
0.26558,-0.00673,0
0.5424,0.02309,0
-1.03391,0.04754,0
-0.82059,0.49071,0
0.09087,0.50298,0
-1.27862,0.27118,0
-0.96164,0.21822,0
0.52603,-0.00498,0
-1.19962,0.2479,0
-1.2208,0.46478,0
-0.94815,0.79412,0
-0.69071,0.91258,0
-0.54318,0.66724,0
-0.75583,0.88516,0
0.49272,0.01806,0
-0.60144,0.96091,0
-1.31566,0.37213,0
-0.80805,0.52254,0
-0.62398,0.85106,0
0.07753,0.66237,0
-0.15799,0.92048,0
-1.10544,0.52857,0
0.32951,0.39774,0
0.12836,0.2423,0
-0.90716,0.71021,0
-0.42786,0.82353,0
-1.24384,0.20547,0
-1.00215,0.41129,0
-1.1227,0.21336,0
-0.82058,0.41794,0
0.14465,0.50847,0
-0.0801,0.91787,0
0.43049,0.24213,0
-0.70058,0.94625,0
-0.83775,0.57025,0
0.32806,0.31944,0
0.20283,0.55297,0
-0.16734,0.79172,0
-0.52207,0.63291,0
-0.97228,0.79982,0
-0.88307,0.63991,0
-0.24413,0.7024,0
0.57582,0.11041,0
-1.11434,0.39058,0
-0.8652,0.46167,0
0.36951,0.45399,0
0.16637,0.44056,0
-0.08521,0.55136,0
-0.13224,0.90096,0
0.45426,0.08737,0
-0.83129,0.36986,0
-0.96369,0.51169,0
-0.26475,0.57181,0
-1.09393,0.05416,0
0.21926,0.09958,0
0.1086,0.60431,0
0.52816,0.22076,0
-0.49351,0.85537,0
0.24876,0.70053,0
-0.11252,0.67577,0
-0.38924,0.55857,0
-0.57952,0.76799,0
0.42782,0.29395,0
-1.11539,0.26143,0
-0.08995,0.46728,0
0.45786,0.1633,0
0.61495,0.04997,0
0.27385,0.01264,0
-0.68963,0.70551,0
-0.92596,0.36116,0
-1.05414,0.18542,0
-1.16171,0.23891,0
-0.9081,0.44122,0
-0.7627,0.45409,0
-0.16515,0.68566,0
0.17677,0.44891,0
-0.0734,0.61639,0
-0.64799,0.84841,0
0.09884,0.61076,0
0.1945,0.79009,0
-1.15338,-0.01513,0
0.27275,0.02313,0
-0.19429,0.87759,0
0.21917,0.41091,0
-0.88547,0.69037,0
0.25573,0.52604,0
-0.72831,0.55168,0
-0.14298,0.86646,0
0.22781,0.05605,0
-0.07227,0.78584,0
-0.31583,0.65788,0
0.06495,0.6088,0
0.03584,0.64105,0
0.1405,0.30596,0
-0.50924,0.6043,0
-0.36033,0.72778,0
-1.38595,0.25677,0
-0.30436,0.92983,0
0.24863,0.27766,0
-0.89889,0.43352,0
-1.27085,0.38049,0
-0.57399,0.93224,0
0.38444,0.24771,0
-0.56337,0.82186,0
-0.42921,0.93174,0
-0.94958,0.29854,0
-0.45484,0.9248,0
-1.24574,-0.02005,0
-0.55709,0.58316,0
0.55754,0.32287,0
-1.12747,0.3316,0
0.25313,0.51994,0
-1.15827,0.01593,0
-0.94698,0.69918,0
0.13707,0.82601,0
0.04329,0.36407,0
0.25291,-0.02136,0
-0.43869,0.56146,0
-0.55733,0.63346,0
-0.39308,0.80852,0
0.27426,0.21046,0
-0.03274,0.55252,0
0.07434,0.57381,0
-1.21606,0.22247,0
-0.32199,0.96765,0
-1.01009,0.35802,0
-0.62596,0.72546,0
-0.71416,0.67961,0
0.05279,0.72452,0
0.26785,0.27596,0
-1.07347,0.73117,0
-0.38475,0.63107,0
0.35645,0.58202,0
-1.13723,0.13089,0
-0.07449,0.84293,0
-0.64536,0.77928,0
0.22314,0.13912,0
-0.84478,0.39709,0
0.1097,0.27165,0
-0.90269,0.32576,0
-1.18172,0.14617,0
-1.13249,0.64551,0
-1.12631,0.13803,0
0.30693,-0.00621,0
0.22228,0.39536,0
-0.70873,0.47062,0
0.519,0.11693,0
-0.53963,0.61706,0
-0.63126,0.57177,0
0.42966,0.32273,0
-1.05193,0.41559,0
0.01216,0.41972,0
-0.76349,0.61922,0
-0.08026,0.81557,0
-1.11137,0.62023,0
-0.85048,0.59066,0
-0.96846,0.49059,0
-0.2049,0.82324,0
-0.88487,0.60122,0
-0.45992,0.59573,0
0.01233,0.44135,0
-1.25618,0.04145,0
-0.82244,0.46031,0
-0.17937,0.85723,0
-1.35859,0.19022,0
0.56178,0.16507,0
-0.27432,0.55329,0
0.37451,0.15874,0
0.4251,0.27101,0
-0.99319,0.75267,0
-1.14275,0.26866,0
0.27335,0.55498,0
0.26184,-0.00843,0
0.5708,0.34536,0
-0.50537,0.79348,0
-1.01258,0.22078,0
-0.20435,0.70512,0
-1.30092,0.22146,0
-0.70038,0.58335,0
-1.2844,0.13896,0
0.09253,0.53325,0
-0.91773,0.39898,0
-1.24449,-0.04992,0
-0.65242,0.75105,0
0.22368,0.6267,0
-0.54677,0.79397,0
-1.01107,0.0628,0
-1.23688,0.20472,0
0.01101,0.68823,0
-0.96782,0.82826,0
-0.48832,0.93534,0
0.42223,0.47558,0
-0.13038,0.76552,0
-0.95423,0.29661,0
0.27045,0.46683,0
0.01927,0.63815,0
-1.11459,0.24359,0
0.38168,0.19758,0
-0.83446,0.90383,0
-0.78349,0.53433,0
-0.0321,0.74881,0
-1.24504,0.05144,0
-0.98583,0.36033,0
0.19543,0.5978,0
-0.49791,0.85682,0
-1.09638,0.08706,0
-0.8136,0.47778,0
-0.06629,0.79472,0
0.58868,0.10131,0
0.18939,0.14312,0
-1.14004,0.55981,0
-1.29863,0.06481,0
-0.73183,0.60834,0
-1.37972,0.05146,0
-1.17348,0.37012,0
-1.28718,0.1297,0
-0.23998,0.57051,0
-0.56077,0.63533,0
0.24294,0.22526,0
0.41309,0.29301,0
0.04273,0.74722,0
-0.35499,0.79383,0
-0.73819,0.6844,0
-0.55336,0.94252,0
-0.90154,0.4816,0
-0.10034,0.57216,0
-0.74529,0.79556,0
-1.10405,0.67166,0
-0.37217,0.63398,0
-0.39423,0.70872,0
-1.00504,0.70156,0
-0.67099,0.92082,0
-1.06445,0.42024,0
-0.77797,0.4533,0
-1.0038,-0.01145,0
0.4975,0.23868,0
-0.78673,0.44752,0
-0.13225,0.77904,0
-0.77285,0.44945,0
0.3449,0.29373,0
-0.10243,0.48796,0
-1.10771,0.14635,0
-0.42495,0.75315,0
-0.53081,0.7183,0
0.46298,0.24078,0
0.34041,0.59135,0
0.01799,0.85505,0
0.24108,0.0161,0
-0.98299,0.14329,0
-0.99577,0.44067,0
-1.12524,0.34115,0
-0.18485,0.87377,0
0.56734,0.25284,0
-0.92505,0.73978,0
-0.34973,0.65725,0
0.11187,0.31279,0
0.19365,0.54369,0
0.32932,-0.04006,0
-0.6079,0.74905,0
-1.14047,0.10464,0
0.36273,0.0088,0
-1.0477,0.04584,0
-0.93094,0.28336,0
0.16378,0.22407,0
0.49246,0.49164,0
-0.47669,0.8071,0
-1.0748,0.5238,0
-1.30365,-0.00621,0
0.15902,0.50999,0
0.55362,0.0182,0
-0.82525,0.52402,0
0.25622,-0.04465,0
-0.97717,0.74344,0
-1.37483,-0.00711,0
-0.35455,0.58239,0
-1.30892,0.3594,0
-1.15667,0.06095,0
0.48155,0.12384,0
0.50115,0.00416,0
-0.09201,0.5216,0
0.38475,0.54729,0
0.24175,0.27745,0
-0.99746,0.27581,0
0.06925,0.47235,0
0.28235,-0.0279,0
-0.51715,0.76792,0
-1.2307,0.40987,0
-1.25239,0.07232,0
-0.82592,0.55474,0
-0.54256,0.56287,0
0.22835,0.20152,0
-0.37621,0.64922,0
-0.04429,0.72714,0
-0.48243,0.58133,0
-0.22727,0.53518,0
-0.66691,0.56345,0
-1.17236,0.17694,0
-1.28751,0.10889,0
0.22777,0.54111,0
-0.84592,0.42331,0
-1.1599,0.04122,0
-0.3407,0.78561,0
-0.80007,0.71303,0
-0.0987,0.83268,0
-0.40517,0.94064,0
0.1985,0.7348,0
-0.84788,0.40846,0
-0.87086,0.82246,0
-0.1192,0.50113,0
-1.11183,0.19903,0
0.45257,-0.014,0
0.19674,0.13111,0
-0.69934,0.84781,0
-0.7109,0.86818,0
-0.62626,0.6994,0
-0.18277,0.9663,0
-0.91161,0.28239,0
-0.53591,0.56016,0
-1.08635,0.57105,0
-1.1645,0.47032,0
0.17879,0.40518,0
-0.77881,0.48918,0
0.26592,0.33627,0
0.3218,0.21804,0
-1.04506,0.41279,0
0.5613,0.01774,0
-0.77164,0.44828,0
-0.37178,0.93748,0
-0.79603,0.838,0
-1.2684,0.45468,0
-1.20259,-0.03363,0
-1.1193,0.17872,0
0.50332,0.25404,0
-0.11004,0.67486,0
0.42609,0.52605,0
0.19271,0.06076,0
-0.91531,0.36905,0
-0.3828,0.90213,0
0.18688,0.23137,0
-0.34269,0.75213,0
0.10141,0.59697,0
-1.04661,0.18022,0
-1.12437,0.28758,0
-0.74416,0.71558,0
0.6403,-0.01631,0
-0.2421,0.59089,0
-1.25091,0.24417,0
-1.06833,0.26735,0
0.28564,0.72811,0
0.08992,0.46648,0
-0.8438,0.80235,0
0.13817,0.62527,0
-0.12679,0.51007,0
-0.38859,0.72714,0
0.23193,0.53091,0
0.12797,0.35741,0
-0.09538,0.76382,0
-0.97047,0.6843,0
0.25117,0.28672,0
-0.42985,0.72423,0
0.31711,0.7151,0
-0.08227,0.48115,0
0.30779,0.54125,0
-0.47503,0.68392,0
0.11188,0.52233,0
0.20094,0.11413,0
-0.2028,0.93997,0
-1.01994,0.06365,0
-0.72943,0.94689,0
0.38708,-0.01097,0
-0.54314,0.64791,0
-1.29341,0.34468,0
-0.66038,0.76931,0
0.26911,0.04834,0
-1.11179,0.19333,0
0.23299,0.39737,0
0.38308,-0.0227,0
-0.01287,0.58846,0
0.15925,0.18052,0
0.38867,0.10228,0
-1.05388,0.34891,0
0.27434,0.26787,0
-0.65908,0.86359,0
-1.42203,0.05952,0
0.29836,0.21741,0
-0.32333,0.70983,0
-0.50346,0.69047,0
0.17669,0.40412,0
-0.5436,0.96567,0
0.51641,0.09434,0
0.57106,0.19884,0
-0.56508,0.93622,0
-0.46255,0.57612,0
-1.1551,0.02659,0
-0.63972,0.76365,0
-0.56993,0.83948,0
0.03281,0.44489,0
-0.32993,0.8836,0
-0.85898,0.80945,0
-1.36935,0.00855,0
0.24602,0.05793,0
0.06757,0.38899,0
-1.21962,0.16122,0
0.41051,0.28015,0
-0.53934,0.89138,0
0.22067,0.2305,0
0.14306,0.56524,0
-0.25293,0.62717,0
-0.07358,0.67233,0
-1.11945,0.04736,0
-0.06198,0.51553,0
-0.59829,0.97769,0
-1.13982,0.4018,0
0.09519,0.85186,0
-1.14404,0.463,0
-1.14754,-0.02035,0
-0.95882,0.24472,0
-0.52925,0.57087,0
-0.92589,0.3315,0
-1.14216,0.17137,0
-0.9928,0.21574,0
0.4321,0.29213,0
-0.61635,0.78948,0
-0.98822,0.49395,0
0.32545,0.5682,0
-1.07156,0.31578,0
-1.05647,0.71281,0
-1.02462,0.16406,0
0.09381,0.39304,0
-0.61596,0.90363,0
-0.66433,0.82523,0
-1.06807,0.69539,0
-0.01828,0.70054,0
0.22392,0.42958,0
0.35122,0.55994,0
-0.63198,0.68492,0
-0.91341,0.70645,0
-0.93598,0.50106,0
-0.82118,0.80969,0
-0.6951,0.68349,0
-1.04252,0.04087,0
0.41181,0.37597,0
-0.57805,0.64309,0
-1.11799,0.00399,0
0.28467,0.39648,0
-0.42712,0.76914,0
-0.9729,0.6508,0
-0.79976,0.75781,0
-1.30068,0.45177,0
-0.57868,0.86508,0
0.09705,0.42557,0
0.52729,0.26028,0
-0.31916,0.6584,0
-1.00339,0.37153,0
-0.55904,0.61693,0
0.04822,0.8419,0
-1.25442,-0.01184,0
-1.0567,0.65727,0
0.40567,0.56764,0
-1.19516,0.48002,0
-0.65998,0.93863,0
-0.42418,0.91234,0
-0.99455,0.25912,0
0.31586,0.45722,0
-1.04391,0.13744,0
0.27359,0.05058,0
-0.82417,0.75658,0
-1.19319,0.16226,0
0.33173,0.10215,0
0.36997,0.33933,0
0.25974,0.00174,0
-0.31633,0.55269,0
-0.74165,0.63976,0
-1.19189,-0.00087,0
0.29537,0.24014,0
-0.68191,0.92521,0
0.25307,0.52411,0
-0.58115,0.8049,0
0.47713,0.11955,0
-0.98846,0.23634,0
-1.14036,0.09163,0
-1.22765,0.38747,0
-0.02901,0.88108,0
-1.09562,0.5173,0
0.47409,0.07774,0
0.1521,0.20517,0
0.14054,0.49385,0
0.28516,0.35336,0
0.1208,0.56519,0
-0.07554,0.50273,0
-1.28511,0.09322,0
-0.78132,0.52638,0
-0.94883,0.80857,0
-0.05667,0.73914,0
-0.5996,0.77925,0
-0.54288,0.59177,0
-0.80371,0.40446,0
-0.46784,0.7258,0
0.1286,0.40551,0
-1.18438,0.52499,0
-0.68947,0.8908,0
-1.16239,0.26239,0
-1.24199,0.4468,0
0.29418,0.14056,0
-0.35394,0.61439,0
0.34332,0.65407,0
0.42515,0.01254,0
-0.37195,0.89582,0
0.26078,0.09003,0
-0.02867,0.82369,0
-0.0423,0.64519,0
-1.17252,-0.03157,0
-0.34405,0.56351,0
0.27234,0.73432,0
-0.21878,0.85338,0
-1.26423,0.42024,0
0.35469,0.15993,0
-0.72479,0.83998,0
-0.16503,0.77216,0
-1.08586,0.02976,0
0.29912,0.62472,0
-1.03587,-0.00717,0
0.36399,0.30463,0
-1.36682,0.06466,0
-0.98469,0.45506,0
-0.93169,0.51713,0
-0.92417,0.45655,0
0.09018,0.43937,0
0.23615,0.15948,0
0.02153,0.83038,0
-0.67938,0.65363,0
-1.17353,0.07224,0
-1.23623,0.1683,0
0.17614,0.53502,0
-1.37981,0.23338,0
-1.11505,0.06839,0
-0.96361,0.35978,0
-0.18661,0.74842,0
-0.28363,0.85711,0
-1.36475,0.22686,0
0.42742,0.00651,0
-0.17299,0.7619,0
-1.15943,0.50126,0
-0.43724,0.72488,0
-0.54564,0.81915,0
-0.09144,0.54916,0
-1.07753,0.45113,0
-0.02005,0.46992,0
0.35639,0.38725,0
-0.77193,0.44303,0
-1.38011,0.23674,0
-0.64931,0.49794,0
-0.5143,0.60899,0
-0.05068,0.79446,0
0.31355,0.11192,0
-1.11765,0.06051,0
-1.13837,0.66184,0
-1.06448,0.23617,0
-1.12966,0.01954,0
-0.34551,0.80116,0
-1.18556,-0.01111,0
-0.73672,0.63438,0
-1.24231,0.20855,0
0.57805,0.18058,0
-0.98719,0.67449,0
-0.39685,0.67703,0
-0.21298,0.6612,0
-0.50195,0.89446,0
-0.42565,0.63452,0
-0.38686,0.5892,0
-0.67843,0.90147,0
0.22152,0.21438,0
0.39281,0.20786,0
0.22409,0.07227,0
-1.08133,-0.03769,0
0.21828,0.42885,0
-1.07374,0.1056,0
-1.24961,0.24027,0
-0.81055,0.82093,0
-1.20671,0.44434,0
-0.91723,0.60487,0
-1.21774,-0.03554,0
0.45083,0.432,0
0.05751,0.73078,0
-1.01199,0.02543,0
-0.819,0.90104,0
-1.04305,0.7797,0
0.35285,0.51177,0
0.10765,0.36419,0
-1.10111,0.03414,0
-0.91697,0.27277,0
-0.69911,0.86519,0
-1.15207,0.52146,0
-0.11283,0.64199,0
-0.70896,0.83481,0
-0.9974,0.15621,0
-0.1419,0.61749,0
-0.49197,0.76039,0
-0.91019,0.85957,0
0.11998,0.44915,0
-1.10489,-0.02576,0
-0.3978,0.8712,0
-0.30138,0.76258,0
-1.39419,0.26676,0
0.22893,0.36335,0
-0.60024,0.61983,0
-0.16179,0.64742,0
-0.34594,0.76967,0
-1.24887,0.48497,0
-1.40197,0.22623,0
0.4787,0.02474,0
-1.05861,0.14838,0
-0.43484,0.8595,0
0.02521,0.38798,0
-0.17425,0.61093,0
-0.07548,0.46132,0
-0.78628,0.58994,0
0.47371,0.2841,0
0.36264,0.51315,0
0.14707,0.43479,0
-0.68356,0.66659,0
0.47288,0.17707,0
-1.01266,0.26589,0
-0.50696,0.65612,0
0.313,0.70257,0
-0.3531,0.64371,0
-1.19965,0.22785,0
-1.00442,0.4599,0
-0.2367,0.69632,0
-1.31015,0.27208,0
-0.48603,0.60243,0
-0.12675,0.53532,0
-0.83198,0.55029,0
-1.06297,0.27895,0
0.2157,0.00123,0
-0.10299,0.77165,0
-1.13369,0.6892,0
-0.43888,0.65416,0
0.29469,0.29663,0
-0.11456,0.7286,0
-1.23398,0.43762,0
-0.40097,0.967,0
0.33178,0.39966,0
-0.68295,0.60216,0
0.56988,0.33165,0
-0.1355,0.56791,0
0.2843,0.63445,0
-1.05469,-0.04496,0
0.2941,0.67588,0
0.2264,0.01656,0
-1.05168,0.55092,0
0.53411,-0.03977,0
0.02613,0.75184,0
0.29523,0.62082,0
0.38999,0.59066,0
-0.50739,0.58682,0
-0.54879,0.73822,0
-0.23994,0.90453,0
0.10726,0.76258,0
-0.4667,0.57775,0
0.44647,0.52839,0
-0.7364,0.73924,0
-0.61999,0.63403,0
-0.89624,0.60969,0
-1.24501,-0.03463,0
0.02205,0.58316,0
0.14798,0.73648,0
0.44073,0.16295,0
-1.10085,0.63851,0
-1.07914,0.35096,0
-0.98899,0.41649,0
0.45525,0.39313,0
-0.99422,0.07178,0
0.1558,0.62646,0
0.4144,0.18179,0
0.27003,-0.01764,0
-1.05539,0.69064,0
-0.28104,0.82066,0
0.15895,0.56589,0
0.44797,0.17286,0
-0.83599,0.52005,0
0.20673,0.04024,0
0.29264,0.52873,0
-0.92465,0.39614,0
0.21497,-0.0084,0
0.36962,0.42779,0
-1.33804,0.08189,0
-0.54616,0.92317,0
-0.45066,0.77337,0
-0.30558,0.64292,0
-1.11771,0.47527,0
-1.37069,0.25921,0
-0.35441,0.66716,0
-1.20513,0.2374,0
-0.54062,0.82286,0
0.14035,0.80218,0
0.37369,0.26802,0
-1.13891,0.23035,0
-0.04772,0.85419,0
0.58838,0.16179,0
-1.0147,0.74913,0
0.56264,0.16435,0
0.34032,0.12627,0
-0.59266,0.82037,0
0.17259,0.47993,0
-0.64771,0.93044,0
0.40177,0.53612,0
0.40628,0.46911,0
-0.63995,0.97166,0
-1.24931,0.07037,0
-1.27594,0.04271,0
-0.60824,0.73835,0
-1.33193,0.39418,0
0.22416,0.38593,0
0.345,0.66527,0
-0.67205,0.70401,0
0.4048,0.19923,0
-1.39884,0.04562,0
0.159,0.78788,0
0.31486,0.11697,0
-1.04344,-0.03613,0
0.26453,0.0419,0
0.38222,-0.01049,0
-0.29109,0.60105,0
-0.53734,0.56293,0
-0.99791,0.3376,0
-0.95362,0.38223,0
-0.25837,0.87659,0
0.24525,0.52209,0
-0.18044,0.78322,0
-0.46594,0.74194,0
0.02468,0.49369,0
-0.30161,0.67264,0
0.23627,0.24201,0
0.57812,0.19153,0
-0.4659,0.65292,0
-1.043,0.24842,0
0.13037,0.55141,0
0.61036,-0.00738,0
-0.05672,0.63177,0
-1.20228,0.62674,0
-0.82378,0.85164,0
-1.0804,0.02255,0
-1.08463,0.66163,0
-0.52728,0.71028,0
-1.27626,-0.02556,0
-1.3833,0.13113,0
-1.18723,0.35085,0
-1.01264,0.31091,0
-1.0768,0.32374,0
-0.56674,0.85851,0
-1.14362,0.14206,0
0.29961,0.05201,0
-0.54006,0.65015,0
-0.03453,0.79183,0
-0.49143,0.82719,0
-0.30494,0.74604,0
-0.91676,0.33458,0
-1.05516,0.74557,0
0.23355,0.27675,0
-0.35038,0.9863,0
-0.67756,0.61398,0
-0.56604,0.67872,0
-1.27506,0.16653,0
-1.04419,0.30308,0
-0.83623,0.70719,0
0.24616,-0.00819,0
-0.16053,0.96858,0
-1.04474,0.30476,0
-0.53393,0.68234,0
0.4403,0.54263,0
0.37064,0.56835,0
-0.21756,0.96984,0
0.04468,0.48253,0
0.55248,0.38001,0
-0.80005,0.39955,0
-0.91492,0.64236,0
-0.37533,0.66087,0
-1.31887,0.15472,0
-0.78518,0.53694,0
-1.02651,0.01193,0
-1.08292,0.34243,0
-0.41558,0.66102,0
0.44711,0.33908,0
-0.67035,0.86796,0
0.05773,0.84403,0
-0.90949,0.65457,0
-0.36248,0.83758,0
-1.43882,-0.03245,0
-0.17282,0.91661,0
0.33075,0.18656,0
-0.46636,0.86037,0
0.07164,0.43054,0
-1.07215,0.39789,0
-1.11811,0.42031,0
-0.09233,0.52958,0
-0.01049,0.87281,0
-1.16345,0.08862,0
-0.91683,0.6649,0
-0.00382,0.59952,0
0.05925,0.79176,0
-0.6127,0.67385,0
-0.1283,0.61503,0
-0.81503,0.8911,0
0.3083,0.46224,0
-0.98051,0.48954,0
0.38769,0.50468,0
-0.27009,0.80718,0
-0.01052,0.43539,0
0.2809,0.27751,0
-1.03023,0.67517,0
-0.76009,0.68663,0
0.39728,0.47006,0
-1.37217,0.02315,0
-0.88619,0.79144,0
-0.88701,0.72568,0
0.03657,0.36509,0
0.46265,0.15346,0
-0.92908,0.54838,0
-0.3611,0.70861,0
-1.25987,0.49,0
-0.94415,0.52927,0
-0.44136,0.55342,0
-1.21894,0.02849,0
-0.96138,0.47805,0
-1.29266,0.18072,0
-0.30702,0.8292,0
0.46907,0.41955,0
-0.38531,0.58111,0
-1.26284,0.17175,0
-0.39972,0.90396,0
-0.32026,0.99176,0
-1.2474,0.38184,0
-0.0712,0.56728,0
-0.55268,0.85797,0
-1.28174,0.17196,0
-0.46124,0.56188,0
0.35987,0.5469,0
-0.09004,0.60751,0
0.25288,0.65976,0
0.21402,0.42261,0
0.30706,0.08853,0
-0.71897,0.73599,0
0.0681,0.7044,0
0.2296,0.31116,0
0.29178,0.62685,0
0.24512,0.39166,0
-0.40532,0.85243,0
0.31226,-0.02291,0
0.24186,0.10141,0
-0.87398,0.60513,0
-0.93223,0.67366,0
-1.42131,0.04514,0
0.37534,0.04897,0
0.4683,0.20646,0
0.00522,0.52443,0
-1.15765,0.59392,0
-1.20392,0.38117,0
0.14955,0.28877,0
-1.01231,0.16974,0
-0.90583,0.80279,0
-0.6294,0.9043,0
-0.19323,0.96941,0
0.24611,0.3589,0
0.52285,0.22091,0
-1.39781,0.19504,0
-1.26513,0.4407,0
-0.26757,0.98612,0
0.50592,0.12233,0
-0.33333,0.90151,0
0.05761,0.45463,0
0.56458,0.34179,0
-0.95715,0.74918,0
-0.13008,0.50457,0
0.3136,0.02075,0
-1.13541,0.4196,0
0.02361,0.90392,0
0.12578,0.26186,0
-0.97378,0.39594,0
0.53895,0.10654,0
0.20493,0.33238,0
-1.07079,0.20228,0
-1.04343,0.73976,0
0.24719,0.70125,0
0.02972,0.80635,0
-0.31221,0.62269,0
0.18736,0.39312,0
-1.03935,0.42456,0
-0.83021,0.75455,0
-1.01319,0.29084,0
-1.08955,0.32427,0
0.23709,0.30631,0
-0.24172,0.82986,0
0.0133,0.73157,0
0.57778,0.17698,0
0.16501,0.7615,0
-0.17204,0.71055,0
0.63433,-0.02069,0
0.38885,0.22958,0
-1.18253,0.34914,0
-0.30903,0.62685,0
-1.2429,0.28027,0
0.39459,0.45649,0
-1.32288,0.36815,0
-0.55504,0.64245,0
-0.05205,0.51041,0
-1.14046,0.66431,0
0.20082,0.29811,0
-0.1242,0.49812,0
-1.21252,0.23473,0
-1.05189,0.54745,0
-0.88499,0.59782,0
-0.83931,0.43863,0
-0.38803,0.86784,0
0.30381,0.32699,0
-0.72426,0.69312,0
0.38003,0.32113,0
-1.17083,0.22818,0
-0.44947,0.7954,0
-1.08369,0.08193,0
-0.78976,0.61541,0
0.31221,-0.03008,0
-0.82415,0.74091,0
0.06777,0.5455,0
0.2391,0.7478,0
0.462,0.53252,0
-0.42698,0.85882,0
0.37607,0.17635,0
-0.55096,0.59529,0
-0.83335,0.8859,0
-0.81679,0.53417,0
-0.71558,0.54675,0
-1.11056,0.32233,0
-1.19227,0.28183,0
0.38175,0.16178,0
-0.64651,0.78474,0
0.20461,0.51809,0
0.10053,0.87052,0
-0.37619,0.55575,0
-0.78866,0.6889,0
-0.03088,0.45867,0
-1.29787,0.06614,0
0.32063,0.16945,0
-0.21058,0.69803,0
-1.42811,0.09847,0
0.05785,0.73772,0
0.16107,0.68591,0
-0.08074,0.70325,0
-0.76077,0.62742,0
0.59078,0.25378,0
-1.28997,0.34011,0
-1.19503,0.19649,0
-1.10997,-0.01572,0
0.37594,0.3155,0
-1.06002,0.57314,0
0.02744,0.58528,0
-1.23035,0.04709,0
-0.82264,0.47011,0
0.41979,0.01934,0
-0.70219,0.86466,0
-1.0303,0.53916,0
0.08952,0.85674,0
-0.56324,0.6767,0
-1.06065,0.33096,0
-0.23101,0.8368,0
-0.24254,0.86753,0
-0.82552,0.81616,0
-0.84184,0.51064,0
-0.40353,0.57201,0
-0.61099,0.84889,0
-1.10483,0.20243,0
-0.28277,0.972,0
-0.18806,0.84218,0
-0.28598,0.61837,0
-0.13654,0.56974,0
-0.36949,0.753,0
0.35103,0.60213,0
0.21223,0.41914,0
-0.889,0.51521,0
-0.86287,0.37992,0
0.00173,0.52589,0
0.01261,0.40793,0
0.07824,0.33408,0
-1.15343,0.32171,0
0.31606,0.65213,0
0.52274,0.41849,0
-0.77215,0.48821,0
-0.61376,0.83749,0
0.50715,0.25381,0
-1.01683,0.24627,0
-1.35023,0.23155,0
-1.17651,0.53746,0
-0.0488,0.52419,0
-0.68285,0.83851,0
-0.03117,0.69724,0
0.24604,0.65732,0
0.59362,0.17955,0
0.38023,0.14136,0
-0.88937,0.32743,0
-1.26129,0.44341,0
0.4192,0.13022,0
0.04905,0.46453,0
-0.1885,0.63835,0
-1.09263,0.50414,0
-0.21902,0.7485,0
-0.05966,0.56321,0
-0.12092,0.93188,0
-1.17126,0.29165,0
-0.85917,0.83785,0
0.25177,0.19667,0
-0.88606,0.72358,0
0.20362,0.30948,0
-1.06999,0.68714,0
-0.95449,0.30933,0
0.24944,0.32728,0
0.36888,0.40068,0
0.23871,0.2135,0
0.13105,0.63056,0
-0.06165,0.51926,0
-0.03321,0.57801,0
-0.09543,0.59317,0
-0.01394,0.44373,0
-1.03234,0.39235,0
-0.25374,0.79619,0
-0.51227,0.83221,0
-0.14167,0.79204,0
0.44728,0.56145,0
-0.91415,0.56131,0
0.08253,0.43397,0
-0.9143,0.56771,0
-1.33661,0.04897,0
0.57745,0.25392,0
0.62293,-0.01229,0
-0.90012,0.46998,0
0.43024,0.35679,0
-0.04662,0.56713,0
-1.1256,0.48327,0
0.28784,0.00464,0
-0.29974,0.96702,0
-0.62744,0.64626,0
0.21634,-0.0046,0
0.56144,0.07087,0
0.11417,0.7183,0
0.46917,0.3245,0
-1.22451,0.39113,0
-1.23416,0.55178,0
-1.0446,0.39263,0
0.06793,0.38615,0
-1.14275,0.44993,0
-0.94629,0.68572,0
-1.17853,0.43864,0
-1.12229,0.13453,0
-1.0523,0.49228,0
0.41647,0.28178,0
-0.60193,0.60047,0
0.36045,0.41845,0
-0.38522,0.80589,0
-0.00631,0.90402,0
-1.36987,0.27946,0
-1.06162,0.53391,0
-0.28604,0.53986,0
-0.08748,0.50308,0
-0.96985,0.61207,0
-0.9149,0.38701,0
-1.18697,0.34259,0
0.19259,0.38672,0
-0.14603,0.69496,0
0.01736,0.67419,0
-0.33306,0.69266,0
0.19008,0.5757,0
-1.38292,0.18043,0
0.23194,0.33228,0
-1.24504,0.10561,0
-0.28283,0.96161,0
0.32137,0.0428,0
0.06191,0.45349,0
0.38712,0.22616,0
0.48515,0.27104,0
-0.97882,0.48561,0
-0.456,0.67373,0
-0.00128,0.77484,0
0.47724,0.33978,0
-0.62339,0.92869,0
-1.27348,-0.01031,0
-0.31708,0.84779,0
-0.92589,0.43177,0
0.22466,0.70846,0
0.61914,0.09093,0
0.26599,0.33024,0
-0.69531,0.76289,0
0.08439,0.47739,0
0.03388,0.49373,0
-1.17364,0.03697,0
-0.5371,0.54096,0
-1.25426,0.08395,0
-0.17575,0.69417,0
-0.81345,0.55775,0
0.03988,0.81362,0
0.22185,-0.00028,0
-0.81418,0.91164,0
0.15515,0.59434,0
-0.07241,0.79516,0
-0.37533,0.76654,0
0.26656,-0.00014,0
0.28301,0.09745,0
-1.12019,0.53059,0
-0.01937,0.92835,0
-0.39454,0.96514,0
-1.03013,0.05642,0
0.2211,0.46955,0
0.2904,0.70185,0
-0.99448,0.71389,0
-0.76455,0.72232,0
-1.40989,0.13003,0
-0.11859,0.52292,0
-1.16626,-0.04598,0
-0.87872,0.31805,0
0.36481,-0.00818,0
-0.68429,0.58982,0
-1.36943,0.28669,0
-1.06869,0.15576,0
-0.83702,0.45882,0
-0.23779,0.76723,0
-0.42017,0.55232,0
-0.2151,0.57095,0
-0.14713,0.64942,0
-0.26565,0.5886,0
-1.17737,0.4153,0
0.49822,0.00411,0
-1.16528,0.29634,0
-0.7509,0.92475,0
-0.08099,0.75448,0
-0.51645,0.96948,0
-1.32719,0.11737,0
-1.22843,0.44296,0
-0.35106,0.6722,0
-1.3732,0.17184,0
0.10299,0.31769,0
-0.34311,0.98396,0
-0.00398,0.7678,0
0.41606,0.46336,0
0.23137,0.02901,0
0.21901,0.61356,0
-0.84087,0.36201,0
-0.48711,0.7437,0
-0.3739,0.97505,0
-0.99219,0.47164,0
0.51419,0.27631,0
-0.11852,0.48453,0
-1.02083,0.23262,0
-0.65102,0.50991,0
-0.58979,0.53785,0
-1.17338,0.57135,0
0.04564,0.61979,0
0.52854,-0.03194,0
0.50561,0.38215,0
-1.32484,-0.00476,0
-0.39667,0.97421,0
-0.26629,0.6845,0
-0.82507,0.71342,0
0.48356,0.11267,0
-1.003,0.44835,0
-0.62895,0.69974,0
0.03299,0.83702,0
0.46228,0.30598,0
-0.44199,0.60423,0
0.59721,0.19469,0
0.43845,0.25138,0
-0.91723,0.59937,0
0.32687,-0.02603,0
0.37138,0.05648,0
-0.48147,0.90796,0
0.24141,0.77857,0
-0.15351,0.9012,0
-1.15783,0.10886,0
-0.04456,0.51782,0
-0.72288,0.70445,0
-1.40171,0.2113,0
-1.24506,0.05959,0
-1.13498,0.15254,0
-0.26748,0.54959,0
-0.4383,0.70421,0
-0.53828,0.93255,0
-0.86563,0.49934,0
-0.15588,0.92818,0
0.23521,-0.04644,0
-0.29925,0.61285,0
-0.75926,0.51051,0
-1.01838,0.23292,0
-0.35171,0.80308,0
0.30159,0.49298,0
-1.08437,0.07165,0
-0.58734,0.66525,0
-0.99904,0.41091,0
-0.09967,0.68103,0
0.19935,0.68504,0
-0.41058,0.67772,0
-0.04538,0.5418,0
0.2141,0.06323,0
0.19439,0.3041,0
-1.08347,0.53871,0
0.16054,0.44928,0
-0.51921,0.75096,0
0.06539,0.56303,0
-1.09394,0.19511,0
-0.56096,0.58888,0
0.23823,0.04859,0
0.28256,-0.00729,0
0.51055,0.356,0
-0.92201,0.31156,0
-1.17759,0.06016,0
-0.92199,0.47768,0
0.41953,0.14673,0
-1.29868,0.43859,0
0.41327,0.53846,0
0.33738,0.05576,0
0.30046,0.062,0
-0.14386,0.77849,0
-1.25486,0.51014,0
-0.13301,0.63847,0
0.4374,0.0237,0
0.26274,0.0481,0
-1.2592,0.42535,0
-0.64974,0.8692,0
0.37337,0.41027,0
0.33071,0.0668,0
-0.93827,0.27349,0
-1.3226,0.41078,0
-1.25577,0.36467,0
-0.27331,0.54341,0
0.27213,0.52724,0
0.44369,0.26147,0
0.08568,0.30908,0
-1.15168,0.4493,0
-0.26396,0.88161,0
-1.07438,0.3289,0
-0.26477,0.73251,0
-1.08634,0.29094,0
0.50194,0.03127,0
0.28943,0.09663,0
-1.40452,0.15026,0
-0.01459,0.51295,0
-0.51623,0.56682,0
-0.4851,0.8881,0
-1.17648,0.2244,0
-0.82416,0.90212,0
-1.17554,0.52022,0
-0.67284,0.8077,0
-0.07237,0.53912,0
-1.00345,0.7376,0
-0.49303,0.74587,0
-0.68515,0.52818,0
-1.11558,0.23819,0
0.52605,0.20472,0
-1.40923,-0.01559,0
0.18186,0.49483,0
-0.64515,0.73282,0
0.44672,0.34752,0
-0.38438,0.98721,0
0.49593,0.22512,0
0.4631,0.544,0
-0.20143,0.6879,0
0.47703,0.35236,0
-0.58392,0.80303,0
-1.23737,0.2439,0
-1.06644,0.6157,0
0.23016,0.22118,0
-0.73905,0.65286,0
-0.77205,0.48477,0
-0.85687,0.62016,0
-0.39407,0.74359,0
0.40821,0.13243,0
0.38578,0.21888,0
-0.02999,0.73779,0
-0.73618,0.87546,0
-0.63221,0.87635,0
0.1212,0.27812,0
-0.59017,0.88043,0
-0.47226,0.59557,0
-0.95387,0.78639,0
0.62115,0.01526,0
-0.29253,0.55273,0
-1.02031,0.27838,0
-0.66284,0.4895,0
0.55838,0.30378,0
-0.49465,0.62774,0
0.54852,0.3071,0
-1.07172,0.23568,0
-0.75886,0.61085,0
0.10557,0.78984,0
0.30006,0.72571,0
-1.37671,0.07705,0
0.08253,0.576,0
0.24711,0.27302,0
0.19886,0.27986,0
-1.0624,0.31144,0
0.29882,-0.02946,0
0.26372,0.31494,0
-0.9966,0.04472,0
-0.11243,0.84682,0
-0.922,0.81913,0
-0.29288,0.73437,0
-1.15855,0.17554,0
-0.67792,0.59633,0
-1.04191,0.09943,0
-1.13168,0.30151,0
-0.95814,0.20698,0
0.45207,0.3987,0
0.0802,0.81394,0
0.46011,0.11427,0
0.17816,0.14212,0
0.27336,0.58643,0
-1.19002,0.61586,0
-0.78604,0.43394,0
-0.19617,0.84487,0
-0.819,0.78417,0
0.04571,0.81833,0
-1.11702,0.34094,0
-1.07015,-0.00146,0
0.34808,0.25985,0
-0.28416,0.80534,0
-1.15374,0.12459,0
-0.6954,0.91813,0
-0.8693,0.41113,0
-0.82316,0.41293,0
-0.86153,0.45459,0
0.16047,0.57477,0
-1.27984,0.17986,0
-0.76485,0.45353,0
-0.36168,0.56647,0
0.14505,0.50732,0
-1.10917,0.10876,0
-0.95588,0.61439,0
-0.48244,0.91451,0
-0.60619,0.61479,0
0.05678,0.61237,0
-0.93297,0.33541,0
0.59779,0.11148,0
-0.88034,0.59557,0
-1.08347,0.053,0
-0.38288,0.55398,0
-0.65535,0.51042,0
0.61312,0.04397,0
-0.47172,0.62209,0
-1.05043,0.34583,0
-0.59541,0.65697,0
-0.20312,0.64119,0
0.2897,0.45835,0
-1.10786,0.59894,0
-0.79952,0.40487,0
0.25527,0.28034,0
-1.09354,0.19168,0
-1.27017,0.43226,0
-1.05832,0.0258,0
0.11365,0.4429,0
0.53185,0.07814,0
-0.63823,0.55904,0
-1.08073,0.62702,0
-1.29522,0.17118,0
-0.35875,0.88856,0
-1.38958,0.11721,0
-1.06382,0.22523,0
-0.94702,0.81158,0
-0.16377,0.95515,0
0.18881,0.20276,0
0.01745,0.82452,0
0.10096,0.77205,0
0.26034,-0.00264,0
-1.14783,0.6108,0
-0.95862,0.331,0
0.21379,0.62613,0
-1.19978,0.43847,0
-0.01333,0.86156,0
-0.68563,0.84397,0
-1.00645,-0.00114,0
-0.25052,0.87618,0
-1.29045,0.33559,0
-0.81302,0.45714,0
0.08229,0.62789,0
0.36192,0.03744,0
-0.91091,0.83719,0
-0.96958,0.14083,0
-0.05338,0.91342,0
0.55702,0.30494,0
0.17198,0.28476,0
0.19561,0.08548,0
-0.85903,0.48618,0
0.46339,0.50149,0
-0.16604,0.88743,0
0.10497,0.72793,0
-1.34466,0.09676,0
0.13502,0.6152,0
-0.35489,0.79459,0
-0.15246,0.88856,0
-1.05162,0.14409,0
0.12291,0.52824,0
-1.39753,0.2281,0
-0.09663,0.65408,0
-0.76063,0.48093,0
-1.08528,0.67317,0
-1.03804,0.5418,0
-0.6536,0.72304,0
-0.65711,0.86337,0
-1.01466,0.41065,0
0.05376,0.57557,0
-1.18041,0.59061,0
-0.98345,0.53695,0
-1.1307,0.22336,0
-0.93034,0.68294,0
0.25796,0.22292,0
0.27179,0.31679,0
-0.24437,0.73622,0
-0.8785,0.32363,0
-0.82128,0.76286,0
-0.71186,0.89015,0
0.50797,0.06112,0
-0.9641,0.55711,0
-1.25493,0.44811,0
-1.31552,0.12848,0
0.41394,0.59496,0
-1.04218,0.05109,0
-0.37473,0.65627,0
-1.12411,0.16906,0
-1.19537,0.08154,0
0.0277,0.47032,0
0.38016,0.52598,0
-0.43652,0.93175,0
0.42792,0.52318,0
-0.58972,0.82231,0
-0.6736,0.4906,0
0.02003,0.48548,0
-1.29037,0.06428,0
-0.05814,0.72732,0
-0.92203,0.26221,0
-0.51026,0.97333,0
0.1397,0.81919,0
0.29493,0.52892,0
-0.33624,0.59404,0
-1.07712,-0.04779,0
-0.85445,0.6956,0
0.04403,0.54051,0
-0.62517,0.93172,0
0.09568,0.36087,0
-1.07414,0.68241,0
-1.04436,-0.02595,0
0.19721,0.58036,0
-1.28215,0.16017,0
0.08005,0.75419,0
0.59487,0.14012,0
0.52355,0.29089,0
-0.51943,0.93639,0
-0.68195,0.84729,0
-0.65154,0.5544,0
0.19255,0.53431,0
-1.05182,-0.02081,0
-0.39667,0.61088,0
0.27793,0.50296,0
-0.90022,0.53925,0
0.38043,0.24562,0
-1.22082,0.34617,0
0.45957,0.49611,0
0.27544,0.48902,0
-1.20891,0.25881,0
0.41651,0.04197,0
-0.48935,0.90578,0
-0.93659,0.71959,0
-1.37048,0.12048,0
-0.86622,0.52379,0
-1.27351,0.33963,0
-0.81761,0.41094,0
-0.82771,0.50883,0
-0.90955,0.39239,0
0.08465,0.39326,0
-0.43374,0.9157,0
-1.13307,0.22526,0
-0.44203,0.86897,0
0.36712,0.25515,0
-0.84186,0.64552,0
-0.80573,0.57696,0
0.46857,0.37284,0
-1.0729,0.31803,0
-1.05465,-0.02335,0
0.38217,-0.04699,0
0.22189,-0.01663,0
0.551,0.07762,0
-0.05186,0.93407,0
-0.74867,0.67154,0
-1.02602,0.41687,0
-0.38628,0.60665,0
0.36448,0.01968,0
-0.8073,0.8548,0
-1.0786,0.53253,0
-0.62917,0.78481,0
-1.39962,0.2146,0
-0.46893,0.85343,0
-0.44339,0.71424,0
-1.3951,0.21248,0
0.06023,0.89313,0
-1.37761,0.29985,0
-1.05101,0.50401,0
0.075,0.71964,0
-1.04112,0.01201,0
-1.06746,0.13816,0
-0.81289,0.5061,0
0.20381,0.08139,0
-0.97444,0.2031,0
0.5028,0.30513,0
-0.76165,0.59531,0
0.12508,0.71487,0
-1.12113,0.52712,0
-0.60176,0.60973,0
0.32723,0.29203,0
-0.21449,0.72672,0
-0.88079,0.86944,0
-0.92674,0.51853,0
-0.54313,0.68875,0
-0.92223,0.4865,0
0.17987,0.56473,0
-1.38114,0.01924,0
-0.33933,0.87582,0
-0.44201,0.78429,0
0.32923,-0.02211,0
0.30279,0.01497,0
0.20596,0.3377,0
-0.39605,0.89092,0
-0.32781,0.59132,0
-0.86243,0.60313,0
-0.18288,0.83312,0
0.32003,0.60071,0
-1.15731,0.00497,0
-0.55458,0.85819,0
-1.16352,0.20222,0
0.38319,0.25874,0
0.37393,0.34318,0
-0.84797,0.37215,0
-1.16319,0.40601,0
0.20724,0.26889,0
0.0334,0.6663,0
-1.17983,0.57555,0
0.00099,0.83005,0
0.17274,0.6611,0
0.39408,0.18666,0
-1.19201,0.30961,0
-0.2802,0.86922,0
-0.82763,0.3905,0
-0.85823,0.80025,0
-0.55952,0.73911,0
-1.36139,0.30728,0
-0.10433,0.5497,0
-0.43289,0.8226,0
-0.53353,0.89518,0
-0.51027,0.94614,0
-1.36048,0.21543,0
0.19041,0.74374,0
-1.32224,0.24336,0
0.32353,0.52322,0
-0.76385,0.87751,0
-0.96979,0.4218,0
0.3109,0.60875,0
-1.1305,0.67134,0
-0.86429,0.63841,0
0.29894,0.61698,0
-1.1788,0.35429,0
0.14617,0.49221,0
-0.48913,0.95731,0
-0.49025,0.77655,0
-0.00177,0.4256,0
0.04385,0.46229,0
0.17435,0.60342,0
-0.54487,0.94134,0
-0.30917,0.72538,0
-0.82406,0.60203,0
-1.14432,0.34198,0
-0.90296,0.7823,0
0.34347,0.32137,0
-0.30086,0.64692,0
-1.11452,0.11342,0
-0.35358,0.66587,0
-0.50859,0.55631,0
0.4901,0.16366,0
-0.51984,0.57144,0
-0.60134,0.95888,0
0.31121,0.10965,0
-1.15444,0.24155,0
-1.01675,0.08525,0
0.57762,0.0109,0
0.55426,0.18535,0
0.23943,0.18424,0
-0.65139,0.77906,0
-0.45633,0.5537,0
0.15759,0.38039,0
-0.61962,0.54995,0
-0.20312,0.58868,0
-0.93088,0.68945,0
-1.05387,-0.04691,0
-1.3612,0.32317,0
-0.00949,0.59658,0
-0.59561,0.86606,0
0.07475,0.36445,0
0.30787,-0.04512,0
-0.85913,0.50385,0
-0.93475,0.24439,0
0.19073,0.66738,0
-1.03919,0.77895,0
-0.88144,0.47881,0
0.10014,0.39426,0
-0.09856,0.83024,0
-0.94838,0.75769,0
-1.02697,0.44322,0
0.26054,0.36773,0
-0.09865,0.92309,0
-0.63236,0.62539,0
-0.52701,0.64844,0
0.16928,0.5949,0
0.21852,0.63324,0
-1.04597,0.53149,0
-1.08041,0.52143,0
0.23752,-0.00823,0
-1.17558,-0.02438,0
0.16911,0.45401,0
0.21985,0.27062,0
0.54747,0.39724,0
-0.91703,0.65649,0
0.35436,0.11344,0
0.22059,0.70388,0
-1.16905,0.17183,0
-0.64018,0.56879,0
-0.78133,0.57553,0
-1.00747,0.17021,0
-0.22164,0.94426,0
0.16456,0.41444,0
-0.50859,0.55233,0
0.30714,0.00849,0
0.15997,0.53334,0
-1.39935,0.22502,0
0.05256,0.37057,0
0.04784,0.59161,0
-0.80504,0.58698,0
-0.83938,0.75473,0
-0.37533,0.64853,0
0.39294,-0.0359,0
0.48628,0.19734,0
0.09304,0.45358,0
0.12901,0.4266,0
-0.28661,0.73173,0
0.24449,0.38668,0
-0.77775,0.43844,0
-0.1181,0.73879,0
-0.71585,0.79565,0
-0.6412,0.85852,0
-0.09679,0.5048,0
-0.21593,0.58425,0
0.15914,0.71246,0
0.23611,0.02766,0
-0.48837,0.94439,0
0.29742,0.17108,0
-0.79215,0.59295,0
-1.10462,-0.00966,0
-0.79564,0.57408,0
0.30638,0.45122,0
0.15401,0.48943,0
-0.22859,0.64011,0
-0.57088,0.90636,0
0.14527,0.47478,0
-1.02609,0.27452,0
-1.3937,-0.03466,0
-0.84069,0.83025,0
-1.0937,0.4276,0
-0.57178,0.97589,0
-0.36284,0.6922,0
0.36577,0.60145,0
0.33524,0.59407,0
-1.03804,0.10366,0
-0.44234,0.99269,0
-0.00807,0.71777,0
-0.47213,0.68386,0
-0.4796,0.69111,0
0.33776,0.50826,0
0.25228,0.70245,0
-1.06682,0.37683,0
-0.81407,0.51894,0
-0.35915,0.63777,0
-1.11074,0.36959,0
-1.03227,0.22437,0
-0.67162,0.63658,0
-1.0392,0.50265,0
-0.51964,0.76609,0
-0.268,0.86215,0
-0.55524,0.80511,0
-1.35514,-0.03706,0
0.33046,0.04977,0
0.18552,0.44511,0
0.37009,0.10521,0
-1.13914,-0.03361,0
-0.9969,0.68873,0
-0.48141,0.58675,0
0.40109,0.11302,0
-0.05704,0.62118,0
-0.87759,0.79256,0
-0.40314,0.56771,0
-0.49667,0.91068,0
-0.68105,0.58225,0
-1.0001,0.20609,0
-1.09219,0.37003,0
-1.38571,0.11205,0
0.03111,0.86152,0
-1.23625,0.40404,0
0.22666,-0.01783,0
-0.66904,0.54475,0
-1.23673,0.5704,0
-0.59269,0.7692,0
-1.39536,0.19222,0
-0.01894,0.59738,0
-0.97469,0.31828,0
-0.00056,0.85229,0
-0.15582,0.52181,0
-1.1403,0.63905,0
-0.33975,0.94561,0
-0.31022,0.67082,0
-0.88034,0.66969,0
0.39225,0.57383,0
-0.05835,0.73046,0
0.21304,0.58265,0
0.43339,0.13771,0
-1.11149,0.42034,0
0.41344,0.28395,0
0.29869,0.08227,0
-1.0075,-0.04763,0
-1.14311,0.03991,0
0.40109,-0.02689,0
0.32136,0.11165,0
-0.48544,0.57235,0
-1.28566,0.3415,0
-1.03316,0.19426,0
0.2837,0.40853,0
-1.33325,-0.02018,0
-0.06354,0.50764,0
-0.45782,0.98022,0
-1.17234,0.40099,0
0.23024,0.39513,0
0.18892,0.3667,0
-1.15603,0.1746,0
-0.07925,0.67063,0
-1.24601,0.15677,0
-0.80302,0.49052,0
-1.07211,0.2148,0
0.51355,0.27577,0
0.32144,0.45993,0
-1.14511,0.4619,0
-1.11689,0.15266,0
-0.85287,0.38156,0
-0.66262,0.79615,0
-0.91263,0.37662,0
-0.35174,0.71833,0
0.60509,0.21313,0
0.29637,0.39752,0
-1.24322,0.13236,0
-0.11868,0.70851,0
-1.35888,0.13491,0
-1.19005,0.44071,0
-1.13793,-0.00725,0
-0.37718,0.60977,0
-0.49374,0.58793,0
0.08993,0.60479,0
0.00571,0.43524,0
-0.4414,0.7257,0
0.47602,0.33292,0
-0.15441,0.78625,0
0.14111,0.54357,0
-0.58161,0.92231,0
-0.28352,0.63743,0
-0.55651,0.54393,0
0.34463,0.18777,0
0.07566,0.62789,0
-1.03272,0.42883,0
0.22549,0.03042,0
-0.24669,0.74351,0
-0.9921,0.26704,0
-1.23913,0.40047,0
-0.22483,0.54572,0
0.50124,0.4748,0
-1.30014,0.04852,0
-1.25888,-0.04285,0
0.18658,0.28809,0
0.11775,0.59223,0
0.11026,0.43748,0
-1.01362,0.15661,0
-1.22493,0.05826,0
0.19121,0.21547,0
0.06485,0.34542,0
-1.29252,0.05408,0
-1.3007,0.10168,0
-0.05809,0.45436,0
0.10729,0.84854,0
0.16119,0.36958,0
-0.5529,0.79779,0
-0.76488,0.47061,0
-1.11354,0.15231,0
-1.0708,0.00675,0
-0.22498,0.69023,0
0.19465,0.2949,0
0.34803,0.23025,0
-0.69832,0.64877,0
0.33987,0.63439,0
-0.14043,0.60545,0
-0.12764,0.88261,0
-0.88514,0.31606,0
-1.30879,0.27636,0
-0.9934,0.55091,0
-0.63502,0.73165,0
0.17804,0.2073,0
-1.07711,0.51161,0
-0.53534,0.55662,0
-0.84445,0.66889,0
-0.92874,0.58021,0
-0.18487,0.60017,0
-0.07947,0.81477,0
-0.20415,0.85226,0
0.43878,0.27018,0
-0.67159,0.84219,0
-1.2327,-0.01975,0
-0.94982,0.4048,0
0.23675,0.52831,0
0.21052,0.75593,0
-0.46865,0.71149,0
0.12183,0.59547,0
-1.12133,0.39075,0
0.30509,0.15687,0
-0.99612,0.11668,0
-0.10389,0.49515,0
0.57649,0.15066,0
0.27122,0.0734,0
-1.12397,-0.03798,0
-1.21461,0.35144,0
-0.0936,0.94072,0
-1.05936,0.65314,0
-0.65654,0.96511,0
0.22212,0.11082,0
-1.43524,-0.04369,0
0.37218,0.44271,0
-0.82327,0.84688,0
-1.06176,0.1614,0
-0.20458,0.56352,0
-0.57125,0.57258,0
-1.13869,0.25726,0
-1.09416,0.32244,0
0.04166,0.42799,0
-0.93108,0.63544,0
-1.04016,0.34603,0
0.27765,0.30781,0
0.01082,0.67014,0
-0.35389,0.97791,0
-0.78875,0.71706,0
-1.27304,-0.01219,0
-0.74996,0.52426,0
-0.60374,0.57544,0
-0.28846,0.70583,0
-0.7729,0.70535,0
-0.37152,0.84272,0
-0.16622,0.62351,0
0.14829,0.5587,0
-0.81684,0.91352,0
0.29583,0.49448,0
-0.51149,0.86313,0
0.20046,0.56122,0
-0.7669,0.59796,0
-1.35743,0.01955,0
-0.88509,0.60377,0
-1.31279,0.39507,0
-0.44383,0.56213,0
-0.809,0.44518,0
-0.11575,0.7732,0
-1.0691,0.31475,0
-0.44718,0.77817,0
-0.94539,0.61937,0
-0.45735,0.6785,0
-0.55671,0.74631,0
-0.07516,0.79718,0
0.32664,0.29312,0
-0.70413,0.51696,0
-0.09765,0.81766,0
-0.95615,0.43809,0
-1.31793,0.34271,0
-1.03757,0.22818,0
-0.4113,0.69399,0
0.33083,0.3166,0
0.11365,0.45395,0
0.2315,-0.02045,0
-0.6803,0.79296,0
-0.76389,0.44788,0
-0.24009,0.93015,0
0.35626,0.01782,0
-0.69636,0.50696,0
-1.22452,0.04008,0
0.48378,0.39184,0
-0.26082,0.78687,0
-1.33486,0.05414,0
0.29149,0.0787,0
0.40165,0.42674,0
-0.11723,0.9273,0
0.31013,0.57718,0
0.21499,0.011,0
0.3755,0.46563,0
-1.14442,0.34513,0
-0.89563,0.56239,0
-1.23131,0.58327,0
-0.87403,0.58883,0
0.0969,0.33815,0
-0.29635,0.62725,0
-1.04541,0.0931,0
0.46535,0.04216,0
0.28399,0.34349,0
0.06151,0.81071,0
-0.99668,0.68508,0
0.49787,0.17173,0
-0.7782,0.46508,0
0.1964,0.1067,0
0.18025,0.74183,0
-1.29398,0.11739,0
0.06964,0.4886,0
0.42702,0.06535,0
-0.95098,0.76995,0
-0.95493,0.52672,0
-1.02764,0.60199,0
0.45725,0.40725,0
-1.2023,0.53059,0
-1.23817,0.45251,0
-0.54633,0.95075,0
-0.81884,0.49728,0
-0.78948,0.66977,0
0.35501,0.46101,0
0.1765,0.28841,0
-0.62321,0.63097,0
0.20465,0.69847,0
-1.1659,0.55638,0
0.4016,0.07153,0
-0.52045,0.76571,0
-1.21752,0.3266,0
0.22067,0.16321,0
0.19591,0.42899,0
-0.25973,0.62115,0
0.27042,0.38843,0
0.00211,0.62092,0
-0.52301,0.86318,0
-0.35902,0.71319,0
-1.03661,0.29723,0
-0.58841,0.92151,0
-0.98637,0.25347,0
0.1578,0.42205,0
-0.72641,0.84956,0
0.09644,0.43467,0
-1.1539,0.52342,0
-1.02119,0.45155,0
-0.82261,0.73301,0
-0.29861,0.4625,1
-0.586,0.03814,1
-0.25376,0.22099,1
-0.83938,-0.00012,1
-0.36596,0.10877,1
0.08818,0.02509,1
-0.71176,0.14704,1
-0.02686,-0.03967,1
-0.19226,0.09375,1
-0.29489,0.12661,1
-0.09198,0.36513,1
-0.63763,0.17797,1
-0.45427,0.10182,1
-0.70449,0.10734,1
0.11572,-0.02722,1
-0.45489,0.02268,1
-0.42697,0.32352,1
-0.3022,0.35987,1
-0.98573,0.02084,1
-0.01468,-0.0285,1
0.14462,0.06667,1
0.09854,0.19825,1
-0.42178,0.41176,1
-0.61013,0.15481,1
-0.42522,0.02583,1
-0.39769,-0.02785,1
-0.42016,0.03412,1
-0.3556,-0.02656,1
-0.24852,0.3735,1
0.05986,0.10363,1
-0.40389,0.44571,1
0.01538,0.29464,1
-0.7342,0.07214,1
-0.24762,0.40905,1
-0.95261,0.16849,1
-0.26415,-0.0112,1
-0.20939,0.1983,1
-0.486,0.0345,1
-0.63506,0.09543,1
-0.66974,0.30295,1
-0.39343,-0.04905,1
-0.01014,0.29127,1
-0.39519,-0.03939,1
-0.0746,0.39375,1
-0.35063,0.21272,1
-0.38545,-0.04824,1
-0.44106,0.06908,1
-0.27733,-0.00068,1
0.0144,0.27338,1
-0.2002,-0.01005,1
-0.50271,0.18938,1
-0.49217,0.24485,1
-0.77073,0.27728,1
-0.26694,0.11835,1
-0.5867,0.37565,1
-0.65966,0.01544,1
-0.44831,0.13441,1
-0.05038,-0.04451,1
0.06138,0.16139,1
-0.26518,0.12805,1
-0.5311,0.39559,1
-0.60154,0.08834,1
-0.2661,0.38328,1
-0.33964,0.15015,1
-0.44316,0.53231,1
-0.50241,-0.03336,1
-0.40947,0.19524,1
-0.69232,0.07188,1
-0.78843,0.07692,1
-0.4194,0.06694,1
-0.23755,0.04636,1
-0.67504,0.08102,1
-0.37156,-0.0116,1
-0.97161,0.11515,1
-0.37184,0.00634,1
-0.52885,0.3706,1
-0.54505,-0.03882,1
-0.35103,0.0285,1
-0.68303,0.36715,1
-0.78305,0.39676,1
-0.35413,0.01316,1
0.02171,0.27938,1
-0.21534,0.16608,1
-0.1895,-0.03543,1
0.05861,0.26712,1
0.10567,0.25188,1
-0.46768,0.38288,1
-0.41553,-0.03011,1
-0.88775,0.17372,1
-0.37139,-0.01998,1
-0.51175,0.2612,1
-0.41397,0.46909,1
-0.45553,0.09444,1
-0.55883,0.08455,1
-0.81142,0.15883,1
-0.1459,0.20201,1
-0.14887,0.00119,1
-0.28371,0.17991,1
-0.4002,-0.01904,1
0.13249,0.19266,1
-0.40761,-0.00558,1
-0.20924,0.18145,1
-0.77955,0.03402,1
-0.30865,0.06385,1
-0.33935,-0.00956,1
-0.26324,0.01641,1
-0.23404,-0.0294,1
-0.32555,0.19909,1
-0.53776,0.27359,1
-0.28811,0.30997,1
-0.37694,-0.04114,1
-0.93849,0.16947,1
-0.61738,0.0822,1
-0.57659,0.26937,1
-0.18375,0.40856,1
-0.26174,0.23403,1
-0.50953,0.38939,1
-0.10222,0.12251,1
0.15221,0.15708,1
-0.34463,0.0933,1
-0.46738,0.07173,1
-0.27576,0.13692,1
-0.35371,0.26285,1
-0.70539,0.05701,1
-0.16733,0.15058,1
-0.53572,0.18711,1
-0.29804,0.33038,1
-0.52758,0.06066,1
-0.50077,0.42944,1
-0.66402,0.41111,1
-0.41822,0.48604,1
-0.44162,0.02673,1
-0.07723,0.02464,1
-0.45152,0.10393,1
-0.11864,0.37188,1
-0.37742,0.14164,1
-0.32528,-0.03646,1
-0.90346,-0.04167,1
-0.46117,0.08032,1
-0.65074,0.27811,1
-0.3923,0.16943,1
-0.6125,0.36521,1
-0.48038,0.29745,1
-0.31512,0.03849,1
-0.6777,0.16187,1
-0.70217,0.20489,1
-0.38306,-0.02799,1
-0.47696,-0.00052,1
-0.44219,0.15564,1
-0.16949,0.11077,1
-0.28126,0.20218,1
-0.44212,-0.04585,1
0.05933,-0.00645,1
-0.47914,0.27616,1
-0.49671,0.03236,1
-0.66101,0.45155,1
-0.5886,0.3805,1
-0.53315,0.08707,1
-0.90726,0.19563,1
-0.33148,0.15526,1
-0.33187,-0.00917,1
-0.58415,0.33354,1
-0.83464,0.30335,1
-0.29868,-1e-05,1
-0.31771,0.0705,1
-0.94217,-0.02627,1
-0.18419,0.26284,1
-0.84497,0.29079,1
-0.50484,0.19086,1
-0.11282,0.09305,1
-0.33259,0.2086,1
-0.31089,0.0691,1
0.01785,0.36133,1
-0.53106,0.29484,1
-0.6296,0.01808,1
-0.83768,0.07486,1
-0.45988,0.03252,1
-0.39436,0.00925,1
-0.22998,0.50734,1
-0.47633,0.19928,1
-0.30967,0.02368,1
-0.13222,0.19685,1
-0.85856,0.18834,1
-0.43857,0.08706,1
-0.36608,0.22766,1
-0.03818,0.37112,1
-0.32803,0.03889,1
-0.34807,0.06831,1
-0.33407,0.17012,1
-0.43443,0.1361,1
-0.15221,0.30196,1
-0.39523,-0.04049,1
-0.8955,0.14731,1
-0.42517,0.03568,1
-0.4084,-0.00814,1
-0.46885,0.46551,1
-0.39412,-0.03721,1
-0.88547,-0.01364,1
-0.16123,0.45734,1
-0.4218,0.12846,1
-0.79279,0.26736,1
-0.75087,0.09797,1
-0.51151,-0.02875,1
-0.54578,0.09765,1
-0.38294,0.09301,1
-0.27095,0.07484,1
-0.6327,-0.02474,1
0.01529,0.24975,1
-0.51565,0.11255,1
0.12996,0.09365,1
-0.26277,0.1932,1
-0.31282,0.0209,1
-0.33829,0.04438,1
0.07246,0.32964,1
-0.69019,0.34176,1
-0.61451,0.01168,1
-0.65253,0.44943,1
-0.1871,0.4804,1
-0.259,0.47105,1
-0.50077,0.00754,1
-0.17901,-0.04316,1
-0.19129,0.20251,1
0.07945,0.17427,1
0.13056,0.03752,1
-0.57055,0.09985,1
-0.09242,0.42825,1
-0.49468,0.00028,1
-0.51134,0.00654,1
-0.44222,0.04453,1
-0.2986,0.08354,1
-0.50862,0.11377,1
-0.19383,-0.01783,1
-0.45926,0.08192,1
-0.18916,0.25247,1
-0.78383,0.14379,1
-0.65476,0.00144,1
-0.633,0.22276,1
-0.40445,-0.03882,1
-0.73897,0.13373,1
-0.25741,0.2848,1
-0.39265,-0.04208,1
-0.42578,0.47929,1
-0.40631,0.41091,1
-0.37238,0.03899,1
-0.3086,0.16945,1
-0.00052,0.00799,1
-0.26846,0.33221,1
-0.28905,0.20379,1
-0.4416,-0.01296,1
-0.51162,0.10166,1
-0.06511,0.31671,1
0.1358,0.07728,1
-0.64977,-0.04394,1
-0.42372,0.02361,1
-0.51564,0.1749,1
-0.23565,0.06852,1
-0.57709,-0.04409,1
-0.10046,0.06121,1
-0.37149,-0.02605,1
0.00965,0.17962,1
-0.74135,-0.00787,1
-0.97396,0.06494,1
0.09702,0.23064,1
-0.46193,-0.01075,1
-0.38649,-0.03631,1
-0.2336,0.36081,1
-0.16142,-0.01646,1
-0.92538,-0.04943,1
-0.31723,0.10299,1
-0.22571,0.02216,1
-0.69538,0.18095,1
0.14833,0.10108,1
-0.40893,-0.04441,1
-0.92551,0.04187,1
0.07573,-0.03052,1
-0.74148,-0.04546,1
-0.08106,0.37428,1
-0.32512,0.05912,1
-0.85004,0.10358,1
-0.63559,0.05849,1
-0.24339,0.43551,1
-0.66549,0.42841,1
0.06083,0.17521,1
-0.70591,0.04277,1
-0.50502,0.02771,1
-0.4506,-0.02241,1
-0.41866,-0.02982,1
-0.14527,0.16095,1
-0.58713,0.04487,1
-0.36618,0.11576,1
-0.12621,0.1372,1
-0.02718,0.08951,1
-0.12773,-0.02262,1
-0.62408,0.1013,1
-0.8384,0.13352,1
-0.15542,0.27434,1
-0.14711,0.29227,1
-0.31167,0.10174,1
-0.278,0.11464,1
-0.6502,0.07964,1
-0.42744,0.26916,1
-0.62035,0.21648,1
-0.38162,-0.03004,1
-0.19919,0.12232,1
-0.4502,0.23203,1
-0.26175,0.05103,1
-0.27007,-0.01935,1
-0.55269,0.08587,1
-0.30114,0.13989,1
-0.0722,0.04565,1
-0.38112,0.22952,1
-0.42959,-0.04935,1
-0.0884,0.33175,1
-0.38141,-0.01062,1
-0.33478,0.47913,1
-0.00405,-0.03478,1
-0.17199,0.16796,1
-0.77405,-0.03904,1
-0.3205,0.05939,1
-0.57456,0.07016,1
-0.2407,-0.02041,1
-0.24131,0.43196,1
-0.42758,0.35922,1
-0.67144,0.45038,1
0.08701,0.21597,1
-0.53034,0.10033,1
-0.56566,0.02049,1
-0.63637,0.46531,1
-0.18945,0.09232,1
-0.57117,0.19397,1
-0.5146,0.09583,1
0.05178,0.02227,1
-0.41337,-0.04665,1
-0.43523,0.10094,1
-0.47748,0.41182,1
0.06255,0.16067,1
-0.3324,0.10228,1
-0.32185,-0.03833,1
-0.27099,0.54224,1
-0.6447,0.39209,1
-0.70982,0.24485,1
-0.38654,-0.04278,1
-0.2648,-0.04147,1
-0.42069,-0.00797,1
-0.83496,0.00669,1
-0.94406,0.21104,1
-0.44039,-0.02966,1
-0.31525,0.20641,1
-0.65006,0.02702,1
0.05264,0.03914,1
-0.01689,0.27369,1
-0.33992,0.37364,1
-0.32316,0.17051,1
0.01756,0.1643,1
-0.53091,0.05632,1
-0.68287,0.01382,1
-0.33686,-0.006,1
-0.14853,0.26232,1
-0.33484,0.20394,1
-0.01218,0.27653,1
0.14434,0.19216,1
-0.35269,0.05474,1
0.08926,0.24192,1
-0.43826,0.3118,1
-0.40311,0.13334,1
-0.17265,0.38385,1
-0.44218,-0.04072,1
0.05303,0.29695,1
-0.30494,-0.0222,1
-0.87714,-0.02723,1
-0.84372,0.1986,1
-0.43654,0.04636,1
-0.33945,0.2151,1
-0.19129,0.08963,1
-0.53161,-0.01104,1
-0.34823,0.22631,1
-0.5833,0.14044,1
-0.23229,0.38173,1
-0.45555,0.04364,1
-0.40411,-0.03509,1
-0.31075,-0.02485,1
-0.40049,-0.02316,1
-0.36693,0.03268,1
-0.41567,-0.04971,1
-0.42136,0.01273,1
-0.18967,-0.04655,1
-0.52935,0.02025,1
-0.20515,0.47644,1
-0.30835,-0.03333,1
-0.4496,-0.04798,1
-0.39498,-0.04014,1
-0.40634,-0.04006,1
-0.3467,0.10552,1
-0.39846,-0.04195,1
-0.40856,-0.02046,1
-0.54809,0.10573,1
-0.44225,0.12673,1
-0.33148,0.09649,1
-0.43847,0.12687,1
-0.55486,0.22361,1
-0.24081,0.45071,1
-0.50684,-0.0201,1
-0.19504,-0.00735,1
-0.59165,0.4665,1
-0.54438,0.27653,1
-0.46094,0.10692,1
-0.86647,0.16058,1
-0.40287,-0.01184,1
-0.19861,0.34687,1
-0.23096,0.54127,1
-0.59174,-0.04909,1
-0.68643,0.37898,1
-0.05324,0.07599,1
-0.42406,-0.00494,1
-0.59856,0.29744,1
-0.3946,-0.02702,1
-0.28734,0.37608,1
-0.53505,0.16281,1
0.14136,0.11084,1
-0.41461,-0.03506,1
-0.75968,-0.03431,1
-0.43975,0.09201,1
-0.4129,0.0149,1
-0.40967,0.04321,1
-0.46747,0.30825,1
-0.13235,-0.04516,1
-0.34678,0.07485,1
-0.32433,0.03139,1
-0.73338,0.12306,1
-0.3644,0.15108,1
-0.66198,0.05078,1
-0.28427,-0.03617,1
-0.3946,0.25553,1
0.03971,0.01669,1
-0.27328,0.03678,1
-0.48885,-0.01197,1
0.13286,0.11042,1
-0.47571,0.05111,1
-0.94343,-0.01587,1
-0.06339,0.19498,1
-0.63777,0.26404,1
-0.36787,0.25543,1
-0.3817,-0.04832,1
-0.503,0.09346,1
-0.77425,0.06155,1
0.06168,0.20252,1
-0.55931,0.10969,1
-0.32389,0.15975,1
-0.39396,0.00883,1
-0.88578,0.07911,1
-0.37016,0.26252,1
-0.68779,0.42371,1
-0.86121,0.01744,1
-0.57713,0.27428,1
-0.07017,-0.02896,1
-0.60602,0.47996,1
-0.50126,-0.04528,1
-0.75507,0.1908,1
-0.43938,0.2606,1
0.05378,0.30984,1
0.03622,0.03455,1
-0.34162,0.07872,1
-1.0123,0.00171,1
-0.5936,0.39626,1
-0.50981,0.16519,1
-0.51225,0.39159,1
-0.35884,-0.01632,1
-0.30745,0.20391,1
-0.19469,0.14656,1
-0.66112,0.11637,1
-0.26694,0.14767,1
-0.39886,0.09784,1
-0.51648,-0.04822,1
-0.47249,-0.03063,1
-0.51561,-0.00367,1
-0.7329,0.39371,1
-0.45566,0.34385,1
-0.13005,0.16158,1
-0.3398,0.1172,1
0.03876,0.21261,1
-0.68168,0.10884,1
-0.16449,0.18939,1
-0.7571,0.29869,1
-0.35201,0.01604,1
-0.55572,0.0444,1
-0.43771,0.06663,1
-0.15188,0.50642,1
-0.62914,0.01754,1
-0.4053,0.08467,1
-0.45086,0.08956,1
-0.53861,0.1697,1
-0.49509,0.32523,1
-0.92408,0.17679,1
-0.51074,0.37759,1
-0.29662,-0.00563,1
-0.17224,0.10371,1
-0.456,0.13561,1
-0.39062,0.14032,1
-0.3122,0.48111,1
-0.74577,0.01417,1
-0.37251,0.26511,1
-0.2975,0.25516,1
-0.42612,0.293,1
-0.26399,0.15403,1
-0.25884,0.13218,1
0.16072,0.04059,1
-0.40269,-0.03683,1
-0.0132,0.20637,1
-0.42037,-0.03737,1
-0.44099,0.25951,1
-0.1698,0.05024,1
-0.36555,-0.02733,1
-0.09009,0.0954,1
-0.3285,0.06773,1
-0.28227,0.33753,1
-0.22708,-0.04928,1
0.15639,-0.00611,1
-0.63121,0.05413,1
-0.40036,-0.01698,1
-0.43073,0.02031,1
-0.38307,-0.03974,1
-0.5975,0.11419,1
-0.31617,0.50931,1
-0.47658,0.02821,1
-0.49625,0.10572,1
-0.48567,0.05311,1
-0.85255,0.35752,1
-0.04267,0.2307,1
-0.47889,0.36545,1
-0.44074,-0.04949,1
-0.65717,0.14294,1
0.09951,0.12399,1
-0.809,-0.01796,1
-0.83227,0.29181,1
0.00399,0.13027,1
-0.62488,0.04079,1
-0.65381,0.32089,1
-0.32763,-0.04803,1
-0.4044,-0.04744,1
-0.62226,0.16212,1
-0.4262,0.07719,1
-0.51436,0.16166,1
-0.32453,-0.03675,1
-0.37298,0.32003,1
-0.77215,0.02315,1
-0.32181,0.45418,1
-0.15732,0.12795,1
-0.63143,0.05822,1
-0.65269,0.32414,1
-0.01488,0.13147,1
0.01565,0.22407,1
-0.79132,0.00894,1
-0.38286,-0.02846,1
-0.66394,0.44444,1
-0.23446,0.22338,1
-0.13069,0.25707,1
-0.06419,-0.02821,1
-0.82468,0.2688,1
-0.65962,0.48364,1
-0.90278,0.28894,1
-0.29916,0.14049,1
-0.90162,0.04145,1
-0.25669,0.07926,1
-0.40399,0.14283,1
-0.26453,0.02217,1
-0.02959,0.14731,1
-0.39058,0.33651,1
-0.37742,-0.04859,1
-0.5024,0.12059,1
-0.36197,-0.03357,1
-0.24115,0.0721,1
-0.33906,0.0086,1
-0.37864,-0.01203,1
-0.22652,0.27644,1
-0.59407,-0.02359,1
0.06411,0.10745,1
-0.40605,0.12771,1
-0.34223,-0.04384,1
-0.35324,0.21827,1
0.13003,-0.0111,1
-0.27541,0.26967,1
-0.06649,0.02814,1
0.03528,0.00555,1
0.06718,0.20844,1
-0.46836,0.02892,1
-0.0785,0.07021,1
-0.13441,0.18038,1
-0.99569,0.09796,1
-0.71525,0.03179,1
-0.39277,0.14572,1
-0.59553,0.10958,1
-0.65436,0.42242,1
-0.03928,0.20629,1
-0.29798,-0.03573,1
-0.25475,0.12039,1
-0.21889,0.30598,1
-0.66467,-0.02601,1
-0.40967,-0.01654,1
-0.20413,0.06093,1
-0.66259,0.10326,1
-0.89146,0.14073,1
-0.56734,0.39624,1
-0.36879,-0.04508,1
-0.47987,-0.03387,1
-0.19213,0.24038,1
-0.52749,0.45863,1
-0.91046,0.08904,1
-0.25222,-0.02973,1
0.08645,0.14315,1
-0.02871,0.11342,1
0.07987,0.18987,1
-0.11356,0.17301,1
-0.40982,0.09677,1
-0.78197,0.07311,1
-0.90767,0.03599,1
-0.4628,0.3006,1
-0.60348,0.36388,1
-0.28571,0.06574,1
-0.22664,0.08766,1
-0.29851,0.12821,1
-0.28617,-0.03866,1
-0.5866,0.13781,1
0.01756,0.02535,1
-0.84631,0.05842,1
0.02079,-0.02019,1
0.07211,0.11522,1
-0.33854,0.09296,1
-0.38225,0.48633,1
-0.48977,0.02062,1
-0.29568,-0.03366,1
-0.50131,0.53538,1
0.1691,0.13264,1
-0.69078,0.11148,1
-0.49818,0.03233,1
-0.35025,-0.03739,1
-0.32731,0.23258,1
-0.58877,0.35893,1
-0.18548,-0.01732,1
-0.13543,0.30951,1
-0.52964,0.22771,1
-0.73889,0.15634,1
-0.23686,0.02205,1
-0.5725,0.41867,1
-0.44586,0.46661,1
0.01975,0.14759,1
-0.48223,-0.02884,1
-0.71478,0.31511,1
-0.00096,0.37451,1
-0.03172,-0.01271,1
-0.65513,0.3241,1
-0.59995,0.02777,1
-0.76826,0.42417,1
-0.38047,0.32498,1
-0.63107,0.35727,1
-0.35342,0.01562,1
-0.27341,0.21469,1
-0.24283,0.12899,1
-0.50655,0.01862,1
-0.55323,0.08748,1
-0.51455,0.39964,1
-0.39407,-0.03604,1
-0.55198,0.33409,1
-0.27941,0.01335,1
-0.26776,0.21916,1
0.03927,0.04909,1
-0.00208,0.13122,1
-0.37982,-0.01218,1
-0.72045,0.27739,1
-0.13506,0.13098,1
-0.22741,0.03611,1
-0.39931,-0.04406,1
-0.27112,0.11337,1
-0.33308,-0.03629,1
-0.23184,-0.04919,1
-0.82428,0.0015,1
-0.45994,-0.00689,1
-0.30519,0.11997,1
-0.55967,0.51464,1
-0.05252,0.14144,1
-0.45691,0.01773,1
-0.81042,0.22529,1
-0.47214,-0.02741,1
-0.43883,0.09806,1
-0.1978,0.16592,1
-0.09218,-0.03846,1
-0.63374,0.28796,1
-0.23752,0.41963,1
-0.05984,-0.02119,1
-0.64341,0.21158,1
-0.46574,-0.03397,1
-0.64512,0.41405,1
-0.10282,0.16984,1
-0.13625,0.01627,1
-0.31956,0.28514,1
-0.7692,0.35366,1
-0.35677,0.08744,1
-0.39257,0.40045,1
-0.40927,-0.03247,1
-0.90116,-0.0067,1
-0.55049,0.11608,1
-0.6958,0.40846,1
-0.07823,0.07577,1
-0.77861,0.15986,1
-0.27106,0.1853,1
-0.38395,-0.02137,1
-0.86187,0.23953,1
-0.46399,0.06465,1
-0.47854,0.14968,1
-0.23556,-0.00781,1
-0.28757,-0.04467,1
-0.53378,-0.01709,1
-0.47794,-0.0357,1
-0.49018,0.49089,1
-0.36682,-0.01104,1
0.04717,0.17468,1
-0.37709,0.55133,1
-0.75182,0.2735,1
-0.78403,0.05721,1
-0.49363,-0.04491,1
-0.07928,0.09643,1
-0.40096,-0.00574,1
-0.52299,0.01892,1
-0.6733,0.16514,1
-0.4198,-0.00389,1
-0.63142,0.10307,1
-0.90454,0.07938,1
-0.4039,0.03461,1
0.08903,0.21675,1
-0.29099,-0.01703,1
0.04035,0.10108,1
-0.82359,0.39114,1
-0.54047,0.0577,1
0.11941,0.2158,1
-0.5119,0.0207,1
-0.87319,0.01505,1
-0.46188,0.10574,1
-0.30957,0.02881,1
-0.93751,0.06792,1
-0.25786,0.21803,1
-0.43468,0.24811,1
-0.40626,0.02578,1
-0.50062,0.07096,1
-0.48316,0.05817,1
-0.68587,0.19082,1
-0.39813,0.02812,1
-0.5675,0.24562,1
-0.61692,-0.02924,1
-0.26371,0.0156,1
-0.61691,0.18428,1
-0.48012,0.05368,1
-0.96814,-0.01521,1
-0.6211,0.27412,1
-0.38605,0.48873,1
-0.64384,0.18406,1
-0.5165,0.12224,1
-0.27291,0.19232,1
-0.38378,-0.00421,1
-0.38193,-0.024,1
-0.09465,0.27746,1
-0.34269,0.11134,1
0.1349,0.22391,1
-0.4013,-0.03707,1
-0.52022,0.16019,1
-0.42871,0.33991,1
-0.93107,0.25608,1
0.10441,-0.04195,1
-0.03332,0.03668,1
-0.05953,0.14757,1
-0.57232,-0.0264,1
-0.33715,0.11749,1
-0.38987,0.00668,1
-1.00853,-0.02255,1
-0.60781,-0.04068,1
0.07918,0.09377,1
-0.04737,0.18797,1
-0.29845,-0.03206,1
-0.54449,0.12578,1
-0.49851,0.0105,1
-0.55852,0.3366,1
-0.1398,0.13181,1
-0.36468,0.057,1
-0.31316,0.51263,1
-0.40891,0.35958,1
-0.93294,0.01077,1
-0.17592,0.19079,1
0.02567,0.11461,1
-0.42011,0.10229,1
-0.61998,-0.01614,1
-0.70392,0.02411,1
-0.68925,0.29678,1
0.02456,0.37855,1
-0.5083,0.06544,1
-0.04604,0.37671,1
-0.81694,-0.01008,1
-0.38359,-0.02901,1
-0.90777,0.27439,1
-0.21491,-0.02309,1
-0.1535,0.1575,1
-0.56191,0.44107,1
-0.29153,-0.0387,1
-0.37491,0.05319,1
-0.02396,0.18551,1
-0.45344,0.09032,1
-0.22033,0.51972,1
-0.60378,0.31153,1
-0.30641,0.27731,1
-0.37289,-0.04905,1
-0.29707,-0.02299,1
-0.66408,0.23538,1
-0.9346,0.05619,1
-0.90695,-0.00118,1
-0.58005,-0.00331,1
-0.07763,-0.04606,1
-0.17704,0.27902,1
-0.4292,0.07003,1
-0.63024,0.47619,1
-0.56766,0.29343,1
0.1427,-0.04487,1
-0.8479,-0.03398,1
-0.44358,5e-05,1
-0.54116,0.05665,1
-0.35562,-0.0392,1
-0.34007,-0.00019,1
-0.39941,-0.02683,1
-0.40123,0.02941,1
-0.57702,0.30235,1
-0.51009,0.01822,1
-0.53824,0.36712,1
-0.20776,-0.01539,1
-0.34112,0.37296,1
-0.34518,-0.01367,1
-0.39206,0.00172,1
-0.2921,0.14117,1
-0.09614,0.03375,1
-0.05761,0.03669,1
-0.49717,0.41983,1
-0.18595,0.01618,1
-0.59477,0.02275,1
-0.73242,0.45527,1
-0.26133,0.33221,1
-0.92085,0.09176,1
-0.20951,0.10118,1
-0.56222,0.38121,1
-0.53853,-0.04218,1
-0.74576,0.29257,1
-0.71851,-0.0453,1
-0.35929,0.05678,1
-0.35726,-0.04274,1
-0.52534,0.09415,1
-0.34308,0.12838,1
-0.54135,0.28491,1
-0.97576,0.02314,1
-0.48297,0.24651,1
0.10019,0.17449,1
-0.43813,0.24345,1
0.01353,0.05773,1
-0.70657,0.1538,1
-0.3633,0.00361,1
-0.4925,0.37368,1
0.17252,-0.02067,1
-0.50254,0.01159,1
-0.45082,0.12975,1
-0.34401,-0.03248,1
0.1381,0.11025,1
-0.39956,-0.04923,1
-0.31302,0.32924,1
-0.30393,0.32506,1
-0.57244,0.19295,1
-0.51362,-0.04176,1
-0.27904,0.31148,1
-0.22345,0.04401,1
-0.59099,0.11732,1
-0.34378,0.13504,1
-0.30678,0.00256,1
-0.33009,0.03667,1
-0.6464,0.01397,1
-0.77529,0.05464,1
0.00502,0.40355,1
-0.91799,0.20647,1
-0.162,0.08897,1
-0.77742,0.03206,1
-0.76106,0.17947,1
0.08497,0.24571,1
-0.51498,0.29231,1
-0.31873,0.018,1
-0.30417,-0.02945,1
-0.59658,0.52929,1
-0.58641,-0.00698,1
-0.00019,0.39215,1
-0.3619,-0.04531,1
-0.40028,-0.04282,1
-0.18695,0.39889,1
-0.32026,0.01374,1
-0.32117,0.08591,1
-0.90117,0.05586,1
-0.44818,-0.01883,1
-0.81191,0.01623,1
-0.62984,0.48425,1
-0.53379,0.00662,1
-0.45888,0.24773,1
-0.41595,-0.00291,1
0.11658,0.26506,1
-0.52164,0.13773,1
-0.54476,0.11209,1
0.04907,-0.04567,1
-0.8552,0.22559,1
-0.33837,0.03615,1
-0.68609,0.17705,1
-0.23725,0.37449,1
-0.07988,0.23329,1
-0.42664,0.00157,1
-0.27626,-9e-05,1
-0.48741,0.23766,1
-0.24903,-0.0434,1
-0.64719,0.19326,1
-0.45321,-0.01178,1
-0.42417,-0.02025,1
-0.13702,0.02713,1
-0.74266,-0.02408,1
0.05093,-0.01504,1
-0.33043,0.06091,1
-0.38489,-0.00441,1
0.07909,0.11394,1
-0.16427,0.02054,1
-0.00925,0.00764,1
-0.50071,0.03395,1
-0.1412,0.36126,1
-0.39075,0.09926,1
-0.21009,0.02069,1
-0.09714,-0.01987,1
-0.80574,0.10721,1
-0.4961,0.01746,1
0.00332,0.14364,1
-0.11909,0.44551,1
-0.26929,0.28432,1
-0.01145,0.30129,1
-0.9711,-0.04388,1
-0.27181,0.4052,1
-0.64529,0.08949,1
-0.44288,0.03395,1
-0.42653,0.04602,1
-0.10324,0.02331,1
-0.39447,-0.04993,1
-0.40733,0.41924,1
-0.32655,0.21894,1
-0.55492,0.10885,1
-0.30296,0.03565,1
-0.2521,0.30628,1
-0.21804,-0.03001,1
-0.6642,0.50523,1
-0.61657,0.1622,1
-0.88575,0.16671,1
-0.31413,0.09439,1
-0.22113,-0.00959,1
-0.3964,-0.04515,1
-0.5216,0.00863,1
-0.08631,0.3033,1
-0.59055,0.08213,1
-0.92645,0.00677,1
-0.69729,0.18895,1
-0.48271,0.36866,1
-0.59257,0.07436,1
-0.60234,0.07738,1
-0.36803,0.01738,1
-0.44607,-0.01114,1
-0.36507,-0.04791,1
0.1749,0.16329,1
-0.62421,0.17114,1
-0.74677,0.40762,1
-0.82141,0.01045,1
-0.11742,0.47738,1
-0.01398,0.14078,1
-0.59187,0.52462,1
-0.75208,0.05765,1
-0.75873,0.40308,1
-0.4042,-0.04193,1
-0.37206,-0.01455,1
-0.52131,-0.00951,1
-0.21309,0.01541,1
-0.38137,-0.03761,1
-0.40182,0.09253,1
0.11547,0.19902,1
-0.26377,0.18248,1
0.10135,0.15936,1
-0.19583,0.24685,1
-0.44073,-0.02099,1
-0.53707,0.35435,1
-0.82322,0.29892,1
-0.42387,0.02316,1
-0.3998,0.12622,1
-0.63789,0.05502,1
-0.54819,0.05016,1
-0.16738,0.36649,1
-0.35977,0.00468,1
-0.51178,0.01815,1
-0.43285,-0.02333,1
-0.23252,0.43958,1
0.02067,0.02682,1
-0.8235,0.00305,1
-0.3634,-0.03411,1
-0.75286,0.25761,1
-0.22103,0.03706,1
-0.64501,0.12099,1
-0.32624,0.04299,1
0.08644,0.32202,1
0.02495,0.12804,1
-0.03829,0.26584,1
-0.21709,0.01091,1
-0.16024,0.00557,1
-0.16053,-0.01761,1
-0.20715,0.12415,1
-0.03719,0.20085,1
-0.00154,-0.02248,1
-0.50363,0.03246,1
-0.60789,0.4456,1
0.01224,0.28915,1
-0.6863,0.39632,1
-0.27591,0.17489,1
-0.42843,-0.04513,1
0.01304,0.17051,1
-0.21284,0.07847,1
-0.4703,0.02898,1
-0.39786,-0.02872,1
-0.33361,0.02039,1
-0.21849,-0.04544,1
-0.14878,0.17326,1
-0.59201,0.23053,1
0.04155,-0.03008,1
-0.61737,0.23746,1
-0.94245,0.22812,1
-0.42846,0.03601,1
-0.3252,0.3705,1
-0.4653,0.13553,1
-0.40818,0.08313,1
-0.48583,0.31907,1
-0.2365,0.23901,1
-0.34739,0.21852,1
-0.92218,0.14652,1
-0.49833,-0.01981,1
-0.39905,0.12779,1
-0.50866,0.54219,1
0.19011,0.0555,1
-0.27082,0.15971,1
-0.38523,-0.04704,1
-0.04952,0.34571,1
0.03747,0.22204,1
-0.23444,0.10164,1
-0.39366,0.03451,1
-0.34015,0.21362,1
-0.34161,0.10127,1
-0.34449,0.03965,1
-0.42158,-0.0487,1
-0.1175,0.08799,1
-0.70859,0.35734,1
-0.08429,0.13652,1
-0.4061,0.12202,1
-0.54021,0.40661,1
-0.37902,0.00864,1
-0.96436,0.12734,1
-0.09062,-0.02619,1
-0.42529,0.00833,1
-0.39605,0.13063,1
-0.45773,0.21461,1
-0.97954,0.10374,1
-0.68475,0.07527,1
-0.21719,0.41958,1
-0.05548,0.09047,1
-0.58034,0.07907,1
-0.5221,0.35496,1
-0.2511,0.41945,1
-0.66043,0.25402,1
-0.38258,0.4303,1
-0.64474,0.19578,1
-0.50446,0.20203,1
-0.1075,-0.0379,1
-0.57944,-0.04123,1
-0.38634,-0.02727,1
-0.92143,0.25363,1
-0.99421,0.09295,1
-0.2433,-0.00118,1
-0.529,-0.01684,1
-0.69198,-0.01713,1
-0.04679,0.32182,1
-0.41578,-0.01252,1
-0.33607,0.04408,1
-0.23507,0.21116,1
0.09263,0.22823,1
-0.13158,0.06845,1
-0.38718,-0.01914,1
-0.24259,-0.00648,1
-0.1245,0.29284,1
-0.42487,-0.00708,1
-0.57188,0.40519,1
-0.63448,0.051,1
0.00575,0.05734,1
-0.94697,-0.02429,1
-0.86574,0.29659,1
-0.30788,0.12273,1
-0.71657,0.14105,1
-0.29,0.40105,1
-0.80687,0.10651,1
-0.76602,0.17584,1
0.03177,0.38443,1
0.05859,-0.04216,1
-0.62447,0.11256,1
0.20828,-0.01287,1
-0.5589,0.1497,1
-0.42625,0.52855,1
-0.28407,0.0571,1
-0.16003,0.41012,1
-0.44912,0.33999,1
-0.65545,0.06828,1
-0.98164,0.13248,1
-0.55995,0.05467,1
-0.22393,-0.03514,1
-0.8201,0.17443,1
-0.47778,0.49853,1
-0.75371,0.08157,1
-0.44003,-0.04647,1
-0.60246,0.30482,1
0.09848,0.24787,1
-0.41421,-0.03569,1
-0.38039,0.13292,1
-0.7266,0.14864,1
-0.4463,0.02295,1
-0.75469,0.31531,1
-0.43319,-0.03872,1
-0.33768,0.09401,1
-0.36486,0.18899,1
-0.3302,0.11624,1
-0.42372,0.49539,1
-0.47733,-0.01452,1
-0.87533,0.11493,1
-0.87208,0.2686,1
-0.37115,0.01053,1
-0.52391,0.00467,1
-0.43004,0.05819,1
-0.37463,0.14887,1
-0.61682,0.29047,1
-0.14124,0.12015,1
-0.8517,0.23599,1
-0.12687,0.01506,1
-0.38637,-0.03793,1
-0.26398,0.12353,1
-0.19227,0.43734,1
-0.43062,0.0385,1
-0.5145,0.28444,1
-0.33042,-0.02308,1
-0.12443,0.49008,1
-0.48112,0.04586,1
-0.92902,0.0264,1
-0.09308,0.10552,1
-0.35921,-0.03853,1
-0.36977,0.11448,1
-0.33755,-0.03046,1
-0.7518,0.051,1
0.1045,0.23458,1
-0.01871,0.23435,1
-0.4672,0.24254,1
-0.67715,0.38515,1
-0.23474,0.31097,1
-0.2222,0.17278,1
-0.42079,-0.00527,1
-0.19119,0.1033,1
-0.17761,0.06291,1
-0.40992,0.03883,1
-0.43208,0.16705,1
-0.67244,0.13267,1
-0.32653,0.02791,1
-0.70176,0.37677,1
-0.50206,-0.0478,1
-0.33374,0.29193,1
-0.39155,-0.0305,1
-0.5317,0.01038,1
-0.17352,-0.04683,1
-0.3379,0.22881,1
-0.51679,0.07504,1
-0.20074,0.10047,1
-0.43164,0.02027,1
-0.37842,0.38644,1
-0.57219,0.10569,1
-0.81804,0.03012,1
-0.0992,0.23228,1
-0.40791,0.04415,1
-0.76118,0.07507,1
-0.56429,0.06354,1
-0.69887,0.23616,1
-0.4828,0.42359,1
-0.43135,0.09309,1
-0.71231,0.31123,1
-0.41842,0.00326,1
-0.46846,0.22599,1
-0.29698,0.13864,1
-0.03283,0.30218,1
-0.66864,0.42348,1
-0.35156,0.18434,1
0.02282,0.28422,1
-0.53938,0.02628,1
-0.3575,-0.0466,1
-0.37364,-0.0295,1
-0.1102,0.12988,1
-0.27547,0.39653,1
-0.60371,0.12413,1
-0.36109,0.36063,1
-0.6038,0.29439,1
0.07963,0.27573,1
-0.88956,0.2497,1
-0.0451,0.09159,1
-0.77889,0.34082,1
-0.39272,0.02447,1
-0.23748,0.19063,1
-0.53855,-0.04293,1
-1.00225,-0.03434,1
-0.86157,0.0476,1
-0.06053,0.1902,1
-0.32173,0.06986,1
-0.71105,0.17246,1
-0.72742,0.03913,1
-0.36666,0.21461,1
-0.06543,-0.03541,1
-0.51829,0.06215,1
-0.40018,-0.04985,1
-0.28497,0.17256,1
-0.00345,0.3928,1
-0.86082,0.12366,1
-0.16925,0.38391,1
-0.46656,0.01044,1
-0.19196,-0.01975,1
0.12731,0.22776,1
-0.45235,0.05946,1
-0.18717,-0.00038,1
-0.3457,0.04154,1
-0.3356,0.19405,1
-0.39052,-0.01691,1
-0.51366,0.1069,1
-0.14639,0.00168,1
-0.61136,0.42354,1
-0.49315,-0.03646,1
-0.64122,0.41493,1
-0.98405,-0.0049,1
-0.24122,0.39482,1
-0.47703,0.009,1
-0.40127,-0.04818,1
-0.77793,0.31304,1
-0.50843,-0.01791,1
-0.84293,-0.03542,1
-0.46483,-0.01062,1
-0.41857,0.16836,1
-0.45363,0.04255,1
-0.37378,0.00552,1
-0.55302,0.16679,1
-0.39846,-0.04968,1
-0.64633,0.42606,1
0.05507,0.11108,1
-0.40049,-0.04397,1
0.08213,0.05143,1
-0.76394,-0.01432,1
-0.51857,0.15311,1
-0.21308,0.53538,1
-0.00741,0.30188,1
-0.72073,0.34197,1
-0.48774,0.05068,1
-0.44684,-0.01338,1
-0.15638,0.44178,1
-0.33526,0.34653,1
-0.35992,-0.03031,1
-0.02738,0.1947,1
-0.19296,0.00369,1
-0.81999,0.36348,1
-0.53872,0.54709,1
-0.40176,-0.04501,1
-0.5368,0.14608,1
-0.42702,0.03756,1
-0.22067,0.25883,1
-0.26277,0.37008,1
-0.41061,-0.03742,1
-0.67177,-0.01064,1
-0.2183,0.12308,1
-0.39756,-0.00844,1
0.17857,-0.04374,1
-0.01351,-0.00686,1
-0.38659,-0.04681,1
-0.59259,0.26056,1
0.19388,0.0774,1
-0.46034,0.01334,1
-0.32894,0.0959,1
-0.47884,-0.00012,1
-0.03709,0.05827,1
-0.344,-0.01075,1
-0.29895,0.00032,1
-0.49065,-0.01374,1
-0.41039,-0.03899,1
-0.54796,0.2219,1
-0.54309,0.03602,1
-0.29394,0.11391,1
-0.46199,-0.01702,1
-0.17753,0.03944,1
0.04993,0.11985,1
-0.14167,0.07942,1
-0.54862,0.44221,1
-0.03178,0.39999,1
-0.78857,0.33115,1
-0.392,0.31427,1
-0.90095,-0.00594,1
-0.48289,0.0148,1
-0.10803,0.38192,1
-0.14563,0.09662,1
-0.29118,-0.00309,1
-0.60903,0.02694,1
-0.64428,0.02061,1
-0.3219,0.08827,1
0.19537,0.05249,1
0.04756,0.08995,1
-0.17412,0.48489,1
-0.06038,0.2752,1
-1.00406,-0.02912,1
0.04465,0.14308,1
-0.29459,-0.0308,1
-0.50846,0.20162,1
-0.22366,0.06267,1
-0.38237,-0.03997,1
-0.0022,-0.04017,1
-0.11336,0.01584,1
-0.33977,0.09181,1
-0.23813,0.18043,1
-0.3984,0.05376,1
-0.57717,0.38289,1
-0.47186,-0.04373,1
-0.28806,0.33041,1
-0.05424,0.1648,1
-0.39341,0.0104,1
-0.37044,0.04463,1
-0.43619,-0.03074,1
-0.81491,-0.04958,1
-0.41415,0.4,1
-0.49707,0.06665,1
-0.30247,0.08433,1
-0.38209,0.03473,1
-0.33568,0.00249,1
-0.7027,0.19944,1
-0.22814,0.42505,1
-0.47809,0.04026,1
-0.26294,0.07337,1
-0.29495,0.24807,1
-0.1436,0.15971,1
-0.60933,0.11033,1
-0.05944,0.15478,1
0.14145,0.19463,1
-0.65214,0.49625,1
-0.71671,0.0357,1
-0.43711,-0.04438,1
-0.76117,0.02362,1
-0.81371,-0.03233,1
-0.96535,0.1,1
-0.69049,0.09696,1
-0.4998,0.27791,1
-0.66295,-0.00356,1
-0.40453,-0.03955,1
-0.06492,0.35125,1
-0.39626,-0.04675,1
-0.15461,0.21298,1
-0.67694,0.13852,1
-0.45213,0.40652,1
-0.1314,0.33311,1
0.15614,0.08627,1
-0.43805,-0.00346,1
-0.7223,0.11693,1
-0.10686,0.39449,1
-0.40221,0.00855,1
-0.44932,0.23496,1
-0.45153,-0.04724,1
0.00779,0.30126,1
-0.7479,0.18579,1
-0.47152,0.04125,1
-0.80991,0.08085,1
0.04013,0.06051,1
-0.6686,0.17954,1
-0.43942,-0.03682,1
-0.78908,0.04796,1
-0.06908,0.18766,1
-0.52245,0.10506,1
0.04738,0.3589,1
-0.48491,0.04684,1
-0.36893,0.01896,1
-0.36556,0.00043,1
-0.40404,-0.04534,1
-0.76235,-0.04416,1
-0.45847,0.46746,1
-0.14968,0.03434,1
-0.38825,-0.01445,1
0.07008,0.29641,1
-0.27122,0.28813,1
-0.76342,0.00202,1
-0.48091,-0.01253,1
-0.20055,0.01039,1
-0.49333,0.18226,1
-0.41406,-0.01766,1
-0.56831,-0.00128,1
-0.73695,0.20675,1
-0.35947,0.04601,1
0.07788,0.08308,1
-0.17621,0.09882,1
-0.24419,0.02432,1
-0.36503,0.25962,1
-0.42783,0.06859,1
0.03576,0.00472,1
0.01755,0.29622,1
-0.78375,-0.01092,1
-0.60386,0.23575,1
-0.47521,0.33697,1
-0.6255,0.21006,1
-0.53185,-0.0263,1
-0.45131,-0.02851,1
0.07818,0.19293,1
-0.41206,-0.03757,1
-0.2872,0.16781,1
-0.27247,-0.04492,1
0.0545,0.27007,1
-0.58301,0.12266,1
-0.40466,0.44648,1
-0.39472,-0.02353,1
0.05602,0.17857,1
-0.54161,0.36705,1
-0.28319,0.27291,1
-0.30803,-0.03279,1
-0.26803,0.0293,1
-0.78218,0.21581,1
-0.69675,0.21201,1
-0.1537,0.17196,1
-0.73567,0.45498,1
-0.19604,0.28629,1
-0.43848,0.06433,1
-0.08435,0.13127,1
-0.44718,0.11717,1
-0.55975,0.23968,1
-0.21104,0.43562,1
-0.63203,0.32351,1
-0.36744,0.04162,1
-0.72073,-0.02395,1
-0.12398,0.02524,1
-0.35448,0.07661,1
-0.04843,0.05191,1
-0.6892,0.2094,1
-0.00509,0.16444,1
-0.42441,0.13238,1
-0.41319,-0.03095,1
-0.46243,0.29937,1
-0.13065,0.22778,1
-0.3515,-0.01081,1
-0.06616,0.34014,1
-0.79255,0.34316,1
-0.23502,0.2748,1
-0.38415,-0.04294,1
-0.59879,0.24476,1
-0.32066,0.34559,1
-0.95261,0.0188,1
-0.39737,-0.03289,1
-0.5815,0.13452,1
-0.37721,-0.04757,1
-0.7784,0.17806,1
-0.17288,0.15574,1
-0.02716,0.41696,1
-0.27966,0.05068,1
-0.26967,0.17304,1
-0.37966,-0.04068,1
-0.40979,-0.03896,1
-0.345,0.01328,1
-0.41103,-0.01838,1
-0.40139,0.01029,1
-0.87068,0.01415,1
-0.17158,0.09896,1
-0.53764,0.04572,1
-0.64882,0.12049,1
-0.29611,0.11567,1
-0.33421,0.3711,1
-0.06183,0.43854,1
-0.42079,-0.01366,1
-0.29959,0.21865,1
-0.87572,0.21158,1
-0.30558,0.02679,1
-0.20466,-0.02109,1
-0.36019,0.46405,1
-0.93481,0.1686,1
0.15915,0.13981,1
-0.7388,0.31082,1
0.09717,-0.00951,1
-0.17136,0.40272,1
-0.7871,0.30695,1
-0.58221,0.33912,1
-0.49274,0.00043,1
-0.38951,0.39317,1
-0.96019,0.1809,1
-0.77701,0.11096,1
-0.20911,0.23111,1
-0.39389,-0.03068,1
-0.25774,0.23066,1
-0.86846,0.16048,1
0.0933,-0.04885,1
-0.30043,0.50848,1
-0.5961,0.25192,1
-0.01218,0.01422,1
-0.33343,-0.03175,1
-0.84975,0.12216,1
-0.77232,0.38428,1
-0.41553,0.10705,1
-0.96367,0.02305,1
-0.39457,0.3769,1
-0.05746,0.07421,1
0.03144,0.27723,1
-0.20904,-0.04584,1
-0.13034,0.10366,1
-0.90493,-0.04338,1
-0.3181,0.05008,1
-0.11497,0.40946,1
-0.36754,-0.04892,1
-0.34921,0.22841,1
-0.49919,-0.01724,1
-0.32074,0.00905,1
-0.46075,0.12452,1
-0.4458,-0.04707,1
-0.08335,0.19679,1
-0.08419,0.19153,1
-0.30184,0.24974,1
-0.66279,0.39701,1
-0.49381,-0.04219,1
-0.59016,0.10096,1
-0.37756,0.02009,1
-0.05389,-0.02072,1
-0.88492,0.01627,1
-0.43852,-0.04313,1
-0.45247,-0.01434,1
0.13715,0.22077,1
-0.37819,0.28751,1
-0.59192,0.08546,1
-0.46322,-0.02944,1
-0.36915,0.16494,1
-0.44525,0.02427,1
-0.31944,0.41244,1
0.15136,0.11352,1
-0.24474,0.29895,1
-0.37958,-0.04858,1
-0.34635,-0.04926,1
-0.22415,0.10841,1
-0.00631,0.27384,1
-0.70944,0.22512,1
-0.20063,0.48152,1
-0.21987,0.13753,1
-0.22716,0.05662,1
-0.38969,-0.02953,1
-0.64785,0.0403,1
-0.08793,0.13614,1
-0.54432,0.06052,1
0.09002,0.11147,1
-0.26664,0.10812,1
-0.07188,0.30708,1
-0.08372,0.39993,1
0.09701,0.07267,1
-0.4078,0.19475,1
-0.43359,0.16087,1
-0.35461,0.01651,1
-0.45096,0.04999,1
-0.3358,0.03404,1
-0.39341,0.37881,1
-0.73996,0.43406,1
-0.23516,-0.01798,1
-0.2482,0.05035,1
-0.25703,-0.04703,1
-0.47677,0.07958,1
-0.25261,0.53533,1
-0.384,0.00929,1
-0.76823,0.0672,1
-0.55427,0.38964,1
-0.28535,0.09899,1
-0.68622,-0.04847,1
-0.37044,0.04265,1
-0.31689,0.1231,1
-0.37068,0.03284,1
-0.40359,0.04696,1
-0.12377,0.06698,1
-0.38541,0.23353,1
-0.44493,0.13507,1
-0.60968,0.03246,1
-0.03298,-0.04019,1
0.01668,0.20648,1
-0.67923,0.16089,1
-0.60921,-0.03153,1
-0.68885,0.47464,1
-0.27501,-0.00967,1
-0.31824,0.07596,1
-0.37712,-0.03061,1
-0.44716,0.35802,1
-0.37658,0.04831,1
-0.61824,0.08991,1
-0.39783,0.32349,1
0.07315,0.07582,1
-0.53624,0.15341,1
0.07378,-0.02674,1
-0.28667,-0.0425,1
-0.41196,-0.03733,1
-0.43104,0.1872,1
-0.35809,0.11456,1
-0.46535,0.37237,1
-0.44525,-0.04236,1
-0.42494,0.318,1
-0.61134,0.1177,1
-0.1324,0.0293,1
-0.238,0.43918,1
-0.08183,0.16133,1
-0.32348,0.37669,1
0.01079,0.09076,1
-0.85697,0.19913,1
-0.32006,0.49893,1
-0.66568,0.22579,1
-0.35403,0.00288,1
-0.03701,0.09976,1
-0.25762,-0.03272,1
0.07522,0.11221,1
-0.02061,0.43387,1
-0.72378,0.15021,1
-0.2587,0.04904,1
-0.6667,0.12418,1
-0.03713,0.41173,1
-0.82464,0.39377,1
-0.17236,0.50063,1
-0.19192,0.21648,1
-0.29259,0.32872,1
-0.40612,-0.01224,1
-0.32876,0.20198,1
-0.47239,0.19982,1
-0.69581,0.22771,1
-0.7548,0.44768,1
-0.56196,-0.00241,1
-0.38,-0.03919,1
-0.42889,0.00819,1
-0.37802,-0.04304,1
0.10783,-0.01214,1
-0.87165,0.19745,1
-0.06557,0.38544,1
-0.49749,0.26191,1
-0.62532,0.29794,1
-0.59029,0.21996,1
-0.28006,0.54812,1
-0.12351,0.07631,1
-0.18887,0.15841,1
-0.35925,0.03054,1
-0.30591,0.01057,1
-0.40576,-0.04542,1
-0.82861,-0.0108,1
-0.17126,0.02357,1
-0.21303,0.26466,1
-0.98143,0.05207,1
-0.21591,0.0506,1
-0.37484,0.02147,1
0.10775,0.19699,1
-0.43618,-0.04336,1
0.05428,-0.03207,1
-0.40518,0.03668,1
-0.56727,0.15101,1
-0.19647,0.48367,1
-0.65058,0.0973,1
-0.42096,0.52529,1
-0.4122,-0.02509,1
-0.3772,0.19466,1
-0.57321,0.17076,1
0.12811,0.12446,1
-0.40183,0.39734,1
-0.86527,0.26448,1
-0.42764,-0.04277,1
-0.89469,0.19621,1
-0.18652,0.14773,1
-0.92183,-0.00717,1
0.04788,0.01654,1
-0.39634,0.16492,1
-0.29426,0.46269,1
-0.78447,0.01374,1
-0.09427,0.04794,1
-0.39051,0.00733,1
0.1477,0.02917,1
-0.14878,0.12376,1
-0.09074,0.4336,1
-0.47787,0.32853,1
0.04908,0.13667,1
-0.31484,-0.00162,1
-0.32037,0.06934,1
-0.61376,0.08545,1
-0.7055,0.39831,1
-0.32627,0.12503,1
-0.48129,-0.03052,1
-0.40505,-0.03288,1
-0.17234,0.18669,1
-0.8713,0.02925,1
-0.0051,0.30519,1
-0.29726,0.4545,1
-0.40741,-0.04925,1
-0.8715,0.10848,1
-0.51987,0.14399,1
-0.7184,0.23317,1
-0.61428,0.45163,1
0.01075,0.03414,1
-0.42273,0.11862,1
-0.29778,0.33338,1
-0.68303,0.12014,1
-0.3993,0.12547,1
0.08461,0.26218,1
-0.24854,0.25974,1
-0.44875,0.04063,1
-0.44398,0.39671,1
-0.37334,0.03288,1
-0.1468,0.14023,1
-0.38595,0.03484,1
-0.61036,-0.01431,1
-0.82538,0.29537,1
-0.04975,0.39223,1
-0.18566,0.16264,1
-0.93814,0.15863,1
-0.2177,0.43227,1
-0.48533,0.07725,1
-0.3924,0.2346,1
-0.36775,-0.04755,1
-0.47314,0.09295,1
-0.46124,0.12241,1
-0.53126,0.03958,1
-0.4993,0.15974,1
-0.39743,0.53046,1
-0.33299,0.39123,1
-0.46342,0.0329,1
-0.40112,-0.04564,1
0.03932,-0.03782,1
-0.57969,0.43186,1
-0.45724,0.16935,1
-0.31983,-0.02018,1
-0.4281,0.09756,1
-0.22585,0.11051,1
-0.37482,0.09532,1
-0.48367,-0.03159,1
-0.61236,0.16186,1
-0.40853,0.34178,1
-0.36603,0.07702,1
-0.70294,0.31427,1
-0.42765,0.54551,1
-0.49825,0.28124,1
-0.39036,0.39616,1
0.02493,0.12532,1
-0.9118,0.00396,1
-0.85857,0.28745,1
-0.24141,0.40007,1
0.13474,0.01103,1
-0.29801,0.19634,1
-0.42899,0.14011,1
-0.07398,0.035,1
-0.52249,-0.02251,1
-0.59304,0.08533,1
-0.17218,0.06258,1
-0.12778,0.12548,1
-0.30288,0.35277,1
0.11591,0.01365,1
-0.64337,0.27461,1
-0.3872,0.2792,1
0.05101,0.34329,1
-0.03846,-0.02159,1
-0.33302,-0.00879,1
-0.4163,0.43408,1
-0.05551,0.31063,1
-0.9066,0.11964,1
-0.32541,-0.01122,1
-0.92572,-0.03301,1
0.0146,0.23997,1
-0.9052,0.04785,1
-0.58892,-0.03107,1
-0.60554,0.26274,1
-0.48979,0.11615,1
-0.39974,0.09105,1
-0.68075,0.28568,1
-0.67835,0.03257,1
-0.34203,0.27916,1
0.10774,0.06981,1
-0.50359,0.09522,1
-0.33685,0.42836,1
-0.69076,0.16743,1
0.08182,0.28231,1
0.0783,0.18051,1
-0.33436,-0.00767,1
-0.51634,0.08566,1
-0.38331,-0.02079,1
-0.82649,0.36243,1
-0.72812,0.0107,1
0.04485,0.05822,1
-0.30434,0.51511,1
-0.4391,0.06547,1
-0.64667,-0.02502,1
-0.46328,-0.02273,1
-0.45304,0.11883,1
0.02809,0.02441,1
-0.57313,0.03328,1
-0.08008,0.24738,1
-0.77872,0.43274,1
-0.37248,0.06918,1
-0.42373,0.13561,1
-0.49345,0.51044,1
-0.68274,0.16067,1
-0.52473,-0.00593,1
-0.42876,-0.01051,1
-0.22883,0.24108,1
-0.35429,-0.00011,1
0.02827,0.31885,1
-0.33978,0.17169,1
-0.6468,0.01174,1
0.12905,0.09901,1
-0.43387,0.02903,1
-0.69034,0.33114,1
-0.44149,0.16582,1
0.03898,0.33585,1
-0.45669,0.2391,1
-0.43948,0.47897,1
-0.63748,0.23135,1
-0.20922,0.12417,1
-0.42751,-0.01606,1
-0.42617,0.01019,1
-0.17543,0.37386,1
-0.09453,0.31374,1
-0.92841,0.24741,1
-0.24471,0.34538,1
-0.46701,0.40367,1
-0.59209,0.02366,1
-0.56131,0.01399,1
-0.05103,0.19313,1
-0.71603,-0.0365,1
-0.40284,-0.04951,1
-0.59009,0.24454,1
-0.58595,0.06384,1
-0.76796,-0.0441,1
-0.58599,0.14162,1
-0.76849,0.34953,1
-0.34542,0.11672,1
-0.66959,0.16308,1
-0.64461,-0.00755,1
-0.73931,0.06788,1
-0.57797,0.15326,1
-0.20795,-0.00578,1
-0.71342,0.38721,1
-0.7178,0.251,1
-0.60793,0.2012,1
-0.26285,0.04323,1
-0.12129,0.09076,1
-0.50827,0.11825,1
-0.35627,0.39451,1
-0.47762,-0.04667,1
0.12461,0.16748,1
-0.63075,0.24285,1
-0.15659,-0.00983,1
-0.76771,0.21071,1
-0.38704,-0.04872,1
-0.10542,0.30758,1
-0.46821,0.03674,1
-0.48121,0.04467,1
-0.10322,0.01769,1
-0.69177,0.24139,1
-0.27547,0.03574,1
0.13066,0.14624,1
-0.26358,0.00682,1
-0.40355,-0.00915,1
-0.29171,0.0044,1
-0.58881,0.35386,1
0.05533,0.30434,1
-0.33064,-0.0377,1
-0.14375,0.21103,1
-0.76873,0.37268,1
-0.31362,-0.04012,1
-0.65922,0.2973,1
-0.39235,0.14679,1
-0.15479,0.00352,1
-0.67137,-0.01686,1
-0.30959,-0.03707,1
-0.59973,-0.01173,1
-0.23074,0.12407,1
-0.85582,0.06789,1
-0.49243,0.48466,1
-0.48993,-0.00151,1
-0.66548,0.38339,1
-0.00036,0.248,1
-0.38923,0.05418,1
-0.76392,0.36158,1
-0.02828,0.02957,1
-0.29971,-0.03826,1
-0.33159,0.04826,1
-0.48776,-0.02347,1
-0.3051,0.14092,1
-0.58544,0.08338,1
-0.44354,0.24164,1
-0.65195,0.14791,1
-0.28213,0.00331,1
-0.50362,0.05366,1
-0.30067,0.07821,1
0.0831,0.16881,1
-0.4094,-0.03978,1
-0.3957,0.18352,1
0.113,-0.0125,1
-0.4311,0.41049,1
-0.75938,0.4117,1
-0.43639,-0.00835,1
-0.25844,0.04809,1
-0.33009,0.15163,1
-0.21965,0.31709,1
-0.15029,0.06583,1
-0.34054,0.22056,1
-0.57668,0.00513,1
-0.62573,0.33767,1
-0.73768,-0.04184,1
-0.52693,0.06196,1
-0.33048,-0.00386,1
-0.53995,0.07358,1
-0.13263,0.18765,1
-0.68266,0.35924,1
-0.34959,-0.03956,1
-0.88925,0.04678,1
-0.08411,0.01913,1
-0.57928,0.07403,1
-0.30844,0.22169,1
-0.53469,0.11283,1
-0.32487,0.0442,1
-0.35257,-0.01701,1
-0.7211,0.2816,1
-0.14655,0.13383,1
-0.03591,0.02483,1
-0.40318,-0.04094,1
-0.47284,0.37459,1
-0.96214,0.14228,1
-0.46473,-0.02171,1
-0.64841,0.09473,1
-0.47268,0.16251,1
-0.12344,0.44073,1
-0.41611,-0.04907,1
-0.19362,0.0533,1
-0.59411,0.11906,1
-0.94842,0.10635,1
-0.64115,0.32484,1
-0.62185,0.48099,1
-0.53399,0.09683,1
-0.31963,-0.03509,1
-0.47278,0.43078,1
-0.73326,0.31883,1
-0.5867,0.08545,1
-0.45476,0.19769,1
-0.37547,0.07049,1
-0.4481,0.35141,1
-0.45003,0.08702,1
-0.5387,0.53746,1
-0.51452,0.23608,1
-0.44793,-0.0247,1
0.00954,0.29108,1
-0.27432,0.07338,1
-0.37898,0.15839,1
-0.02977,0.13779,1
-0.34632,-0.04942,1
-0.4217,0.17542,1
-0.18489,0.13193,1
-0.5452,0.14174,1
-0.47681,0.18194,1
-0.66335,0.2343,1
-0.03469,0.20616,1
-0.48472,0.26226,1
-0.57937,0.2342,1
-0.38106,-0.01541,1
-0.0542,0.20057,1
-0.34048,-0.00895,1
0.13369,0.09093,1
-0.05059,0.33396,1
-0.43386,-0.03167,1
-0.36878,0.00578,1
-0.20044,-0.01609,1
-0.22884,0.0479,1
-0.00198,0.17357,1
-0.24319,0.18688,1
-0.59713,0.28612,1
-0.02441,-0.02233,1
-0.50293,0.33142,1
-0.15592,0.31174,1
0.11044,0.16315,1
-0.68637,0.43561,1
-0.26023,0.04518,1
0.04948,0.25275,1
-0.49654,0.42006,1
-0.34629,0.06523,1
-0.20394,0.392,1
0.08753,0.02001,1
-0.39471,0.42152,1
-0.57197,0.10612,1
-0.34715,0.36397,1
-0.36187,-0.04508,1
-0.55852,0.2921,1
-0.4527,-0.02594,1
-0.39342,-0.03904,1
-0.68643,-0.00403,1
-0.81592,0.28099,1
-0.43229,0.05516,1
-0.46881,0.18365,1
-0.39394,0.14624,1
0.08549,0.29815,1
-0.42675,0.02833,1
-0.55507,0.47884,1
